idx,r,symmetry
0,9.53369526,1
1,12.17300832,1
2,13.77975135,0
3,14.35850952,1
4,16.13807317,1
5,16.64425920,1
6,17.73856338,0
7,18.18091783,1
8,19.42348147,0
9,19.48471385,1
10,20.10669468,1
11,21.31579594,0
12,21.47905754,1
13,22.19467398,1
14,22.78590849,0
15,23.20139618,1
16,23.26371154,1
17,24.11235273,0
18,24.41971544,1
19,25.05085485,1
20,25.82624371,0
21,26.05691776,1
22,26.15208545,0
23,26.44699642,1
24,27.28438401,1
25,27.33270808,0
26,27.77592070,1
27,28.51027770,1
28,28.53074769,0
29,28.86339435,0
30,29.13758756,1
31,29.54638812,1
32,30.27904850,1
33,30.40432705,1
34,30.41067880,0
35,31.05653396,1
36,31.52658220,0
37,31.56627541,0
38,31.91618247,1
39,32.01840643,1
40,32.50811776,0
41,32.89117021,0
42,32.93246557,1
43,33.49233128,1
44,33.57098963,1
45,34.02788420,0
46,34.18596993,1
47,34.45627153,0
48,34.69531041,1
49,35.43166465,1
50,35.50234977,0
51,35.66639637,1
52,35.84167643,0
53,35.85867349,1
54,36.33112905,1
55,36.67755299,0
56,36.85634950,0
57,36.98881539,1
58,37.29558320,1
59,37.74392474,1
60,37.82507229,0
61,38.12090079,1
62,38.30327615,0
63,38.44200387,1
64,38.86960710,1
65,39.16808497,0
66,39.40753186,0
67,39.43247711,1
68,39.77362262,0
69,39.82686792,1
70,40.27211126,1
71,40.54335121,0
72,40.68866644,0
73,40.85812756,1
74,40.88046730,1
75,40.99043682,1
76,41.55557767,0
77,41.75447366,1
78,41.88300329,0
79,42.15273288,1
80,42.48556225,1
81,42.64348841,0
82,42.64636288,1
83,42.92222778,0
84,42.97865489,1
85,43.26718204,0
86,43.38568692,1
87,43.85938218,1
88,44.07740476,0
89,44.28210990,1
90,44.29496725,1
91,44.42634812,0
92,44.77704595,1
93,45.11220117,1
94,45.28743844,0
95,45.36161360,0
96,45.39846953,0
97,45.68637998,1
98,45.78282106,1
99,45.95441965,1
100,46.10145632,0
101,46.48140241,0
102,46.56634624,1
103,46.65331836,0
104,46.83921936,1
105,47.17836614,1
106,47.42289590,0
107,47.54623012,1
108,47.82337316,1
109,47.92655833,0
110,48.03933091,0
111,48.14980960,1
112,48.35541197,1
113,48.74166635,0
114,48.84015189,1
115,48.89668261,1
116,48.99830765,0
117,49.10572455,1
118,49.43917777,1
119,49.68352008,0
120,49.96169629,0
121,49.99122049,1
122,50.08970547,0
123,50.17297341,1
124,50.25749138,0
125,50.39301993,1
126,50.80159863,1
127,50.95751121,1
128,50.97145393,0
129,51.29345538,0
130,51.40263049,1
131,51.66109433,1
132,51.95599451,0
133,51.97022884,0
134,51.98844984,1
135,52.02218678,1
136,52.37358029,0
137,52.55609409,1
138,52.55853327,1
139,52.62862052,0
140,53.11582677,1
141,53.30057349,0
142,53.36849757,0
143,53.46375223,1
144,53.47614334,1
145,53.70758614,0
146,53.90759000,1
147,54.09387446,1
148,54.45304384,0
149,54.46777802,0
150,54.47270844,0
151,54.70738469,1
152,54.81060527,1
153,54.84749263,1
154,54.97220421,1
155,55.23229926,0
156,55.37409278,0
157,55.52799581,1
158,55.61692634,0
159,55.70451883,1
160,56.06571907,1
161,56.19379610,1
162,56.25886638,1
163,56.33748385,0
164,56.62842171,1
165,56.65882031,0
166,56.89369689,0
167,57.06145295,1
168,57.06541326,0
169,57.14548360,1
170,57.54010430,0
171,57.65874469,1
172,57.79524385,0
173,57.80993456,1
174,57.82750455,1
175,57.99643152,0
176,58.17013831,1
177,58.65093982,0
178,58.67207832,1
179,58.71641423,1
180,58.78091446,0
181,58.82020155,0
182,59.02317873,1
183,59.11324417,0
184,59.29143114,1
185,59.33840543,1
186,59.70160912,0
187,59.82501617,1
188,59.84638568,1
189,59.93123656,0
190,60.06709808,0
191,60.18707010,1
192,60.46488819,0
193,60.46816539,1
194,60.57286445,1
195,60.79740987,0
196,60.82214006,0
197,61.01655316,1
198,61.17482092,1
199,61.22103390,0
200,61.55289440,1
201,61.78064722,1
202,61.80212022,0
203,61.92371974,1
204,62.00212078,1
205,62.07168154,0
206,62.20759315,0
207,62.25941108,1
208,62.30779608,1
209,62.62501774,0
210,62.71847450,1
211,62.77392331,1
212,62.97730392,0
213,63.04910104,0
214,63.19843639,0
215,63.30085415,1
216,63.42127882,1
217,63.49883363,1
218,63.80322443,0
219,63.92518826,1
220,64.10919881,0
221,64.12517778,0
222,64.21323387,0
223,64.23030566,1
224,64.29106944,1
225,64.45651946,1
226,64.68831508,1
227,64.70981984,0
228,65.00356195,0
229,65.01646298,1
230,65.03771115,1
231,65.40390681,0
232,65.40735293,0
233,65.50138338,1
234,65.71902158,1
235,65.77666512,0
236,65.89384068,1
237,65.96209735,0
238,66.04980073,1
239,66.23574909,0
240,66.30908259,1
241,66.49100366,0
242,66.51690016,1
243,66.58674260,1
244,66.91165586,1
245,67.04422392,0
246,67.07029650,0
247,67.23530122,1
248,67.25573195,1
249,67.34625908,0
250,67.47206981,1
251,67.47742356,0
252,67.84892465,1
253,67.90319733,1
254,68.13572079,0
255,68.19151769,0
256,68.27566474,0
257,68.29637718,0
258,68.35309490,1
259,68.50232867,1
260,68.56353151,1
261,68.58490661,1
262,68.88149627,0
263,68.91633812,1
264,69.08836116,0
265,69.24414959,1
266,69.25485308,0
267,69.38528352,1
268,69.42696455,0
269,69.63444062,1
270,69.80956646,1
271,69.92125376,0
272,69.95946759,1
273,69.97033641,1
274,70.23152973,1
275,70.24290169,0
276,70.32378255,0
277,70.53550394,1
278,70.61572951,0
279,70.73018458,1
280,71.01078372,0
281,71.11601973,1
282,71.15704699,0
283,71.25452013,1
284,71.37166758,0
285,71.40218207,1
286,71.48995731,0
287,71.52879608,1
288,71.70131027,0
289,71.70429822,1
290,71.88763799,1
291,72.16797777,0
292,72.23058701,0
293,72.24874573,0
294,72.27063727,1
295,72.38643029,0
296,72.40976594,1
297,72.58603872,1
298,72.65334595,1
299,72.96286751,0
300,72.98583468,1
301,73.10875416,1
302,73.12415396,0
303,73.36897668,1
304,73.41907786,0
305,73.42484186,1
306,73.49242967,0
307,73.72473917,1
308,73.91102315,1
309,73.97080823,0
310,73.99368034,1
311,74.10428030,0
312,74.20416356,0
313,74.27030576,1
314,74.43067661,0
315,74.59056831,1
316,74.59194463,1
317,74.65128108,0
318,74.92059617,1
319,74.93071791,0
320,74.93284015,1
321,75.05855945,0
322,75.15539133,1
323,75.40128348,1
324,75.40739656,1
325,75.45071957,0
326,75.63590996,1
327,75.69209661,0
328,76.07104849,1
329,76.09473855,1
330,76.12814986,0
331,76.16884743,0
332,76.27239359,0
333,76.29470740,1
334,76.32822628,1
335,76.38882232,0
336,76.61676669,0
337,76.74223415,1
338,76.78018337,1
339,76.83386529,1
340,77.06049358,0
341,77.17735715,1
342,77.21088763,0
343,77.24214581,0
344,77.53676666,1
345,77.54573351,1
346,77.58773413,1
347,77.61781293,0
348,77.64284125,1
349,77.98611704,0
350,78.09252647,0
351,78.16339223,1
352,78.20534347,0
353,78.26270179,1
354,78.35339464,0
355,78.37255229,0
356,78.48376181,1
357,78.66335949,1
358,78.74602207,1
359,78.77823131,0
360,78.88628690,1
361,78.95781318,0
362,79.15731471,1
363,79.29032879,1
364,79.32224355,0
365,79.33458819,0
366,79.49879462,1
367,79.61334422,0
368,79.72713046,1
369,79.83611375,1
370,79.89490171,0
371,80.10361509,0
372,80.18550001,1
373,80.21668604,1
374,80.26065641,0
375,80.33007554,1
376,80.39368178,0
377,80.42105526,1
378,80.62079388,1
379,80.87049506,0
380,80.93955182,0
381,80.95941258,1
382,80.98228554,1
383,81.10357063,0
384,81.18099871,1
385,81.29439559,0
386,81.32100656,0
387,81.40124721,1
388,81.40789745,1
389,81.76916791,1
390,81.85612291,0
391,81.97365161,1
392,82.02662028,1
393,82.02948036,0
394,82.06049978,1
395,82.10306654,0
396,82.14287108,0
397,82.28298776,0
398,82.37754815,1
399,82.39737479,1
400,82.70770750,0
401,82.71615172,1
402,82.81681974,1
403,82.83179772,0
404,83.03064561,0
405,83.06413650,1
406,83.29192431,0
407,83.30406821,1
408,83.37424504,1
409,83.56890078,0
410,83.58405413,1
411,83.64002135,0
412,83.71703664,1
413,83.74440318,1
414,83.83783707,1
415,83.91873587,0
416,83.99881647,0
417,84.17687138,1
418,84.22579712,1
419,84.24704551,0
420,84.39590127,0
421,84.47255749,1
422,84.76187277,1
423,84.77616372,0
424,84.93105552,1
425,84.95024944,0
426,84.95302976,0
427,84.96544107,1
428,85.09101637,1
429,85.18848147,0
430,85.29248645,0
431,85.32419805,1
432,85.47984927,1
433,85.57598830,1
434,85.79609312,1
435,85.86252245,0
436,85.86681912,0
437,85.89707241,0
438,85.92906123,0
439,85.97613707,0
440,86.12244698,1
441,86.20305716,1
442,86.30138619,1
443,86.33049124,1
444,86.35879842,1
445,86.57446409,0
446,86.64937509,0
447,86.85380347,0
448,86.90332597,1
449,86.91407727,1
450,86.93039801,0
451,86.95561068,0
452,87.06746689,1
453,87.39149754,1
454,87.44278511,1
455,87.44469721,0
456,87.52383520,1
457,87.68147801,1
458,87.72756405,1
459,87.73649308,0
460,87.76149545,0
461,88.07238288,1
462,88.08154566,0
463,88.15101908,1
464,88.16357319,0
465,88.25453030,0
466,88.30679235,1
467,88.37033407,1
468,88.51022821,0
469,88.59994522,1
470,88.67000032,1
471,88.67026673,0
472,88.83467791,1
473,88.96066801,0
474,88.97436582,0
475,89.04671068,1
476,89.17776738,1
477,89.19074076,1
478,89.43768618,0
479,89.50582750,0
480,89.54555369,0
481,89.61246765,1
482,89.66927107,1
483,89.73343982,0
484,89.80719411,0
485,89.82816593,1
486,90.00671274,1
487,90.11362515,0
488,90.29082744,1
489,90.30965771,1
490,90.41193017,0
491,90.46769292,1
492,90.57861478,0
493,90.63244356,1
494,90.66383095,1
495,90.70318734,0
496,90.71234986,0
497,90.79506808,1
498,90.94593236,1
499,90.95544578,0
500,91.08548683,1
501,91.25382702,1
502,91.36718954,0
503,91.39575277,0
504,91.50982678,0
505,91.51679444,1
506,91.63598281,0
507,91.65557357,1
508,91.70760875,1
509,91.72529957,0
510,91.84395090,0
511,92.00764371,1
512,92.04309660,1
513,92.20970434,1
514,92.22025422,0
515,92.36721794,0
516,92.40899987,0
517,92.41588743,1
518,92.52181731,1
519,92.69767117,1
520,92.74706873,1
521,92.78138740,0
522,92.80189711,0
523,93.06642805,1
524,93.07650976,0
525,93.12035000,1
526,93.17186123,0
527,93.18227277,1
528,93.43318488,1
529,93.46660517,0
530,93.49057652,1
531,93.52238846,0
532,93.54648940,0
533,93.61843203,1
534,93.91002325,1
535,93.95631303,0
536,94.08667834,1
537,94.15435744,1
538,94.18768304,0
539,94.34175883,0
540,94.39891249,0
541,94.40606772,1
542,94.44106600,1
543,94.48379767,1
544,94.53732604,0
545,94.56704213,1
546,94.60616740,0
547,94.79140991,1
548,94.81398327,1
549,95.00492646,0
550,95.00701461,1
551,95.18552860,0
552,95.20790728,0
553,95.30834306,0
554,95.40209967,1
555,95.42950428,1
556,95.45869707,1
557,95.51585266,0
558,95.60711076,1
559,95.69239631,0
560,95.76135435,1
561,95.96192110,1
562,95.97201252,0
563,96.04840200,0
564,96.11917765,1
565,96.16378046,1
566,96.20182993,0
567,96.34001065,0
568,96.39865706,0
569,96.44733227,1
570,96.46955218,1
571,96.47883754,1
572,96.78755048,0
573,96.81710877,1
574,96.88698655,1
575,96.92181041,0
576,97.00899106,0
577,97.01819920,1
578,97.21629655,0
579,97.34443513,1
580,97.39818910,0
581,97.44499597,1
582,97.55416483,1
583,97.61089913,0
584,97.61446250,1
585,97.61636450,0
586,97.72321528,1
587,97.73654052,0
588,97.91572826,1
589,97.98885293,0
590,98.04488882,0
591,98.11402822,1
592,98.11506499,1
593,98.23784681,1
594,98.30371301,0
595,98.30587328,0
596,98.49718967,1
597,98.56977374,1
598,98.75949735,0
599,98.76496727,1
