rev,step,M,side,class,n,band,H,DH,headmax_trained,headmax_null,headmax_haar_mc,ent_trained,ent_null,ent_haar_mc,ent_max_logH,headmax_trained_seed_sd,ent_trained_seed_sd
step0,0,Q,u,head,1024,spike,16,64,0.08345149,0.08374445,0.08362904,2.757947,2.757879,2.758085,2.772589,0.0001455645,0.0001853486
step0,0,Q,u,head,1024,32-64,16,64,0.08357674,0.08350873,0.08362904,2.757966,2.757921,2.758085,2.772589,0.000251433,9.453401e-05
step0,0,Q,u,head,1024,64-128,16,64,0.08366914,0.08348054,0.08362904,2.757993,2.758018,2.758085,2.772589,0.0002237777,0.0002511329
step0,0,Q,u,head,1024,128-256,16,64,0.08364873,0.08377923,0.08362904,2.758002,2.757744,2.758085,2.772589,0.0003070511,0.0001599556
step0,0,Q,u,head,1024,256-512,16,64,0.08342931,0.08357448,0.08362904,2.75816,2.758009,2.758085,2.772589,0.0004330153,0.000224295
step0,0,Q,u,head,1024,512-1024,16,64,0.08354493,0.08327474,0.08362904,2.757944,2.758303,2.758085,2.772589,0.000220646,0.0001823245
step0,0,K,u,head,1024,spike,16,64,0.08334784,0.08362161,0.08362904,2.758232,2.757862,2.758085,2.772589,0.0002338643,0.0002608343
step0,0,K,u,head,1024,32-64,16,64,0.08350194,0.08352064,0.08362904,2.758006,2.758035,2.758085,2.772589,0.0002196026,0.0002866404
step0,0,K,u,head,1024,64-128,16,64,0.08363145,0.08354846,0.08362904,2.758098,2.757985,2.758085,2.772589,0.0002123362,0.0001847753
step0,0,K,u,head,1024,128-256,16,64,0.08339813,0.0837225,0.08362904,2.758049,2.758008,2.758085,2.772589,0.0003986128,0.0004175637
step0,0,K,u,head,1024,256-512,16,64,0.08335105,0.08361513,0.08362904,2.758267,2.757967,2.758085,2.772589,4.709424e-05,0.0001386571
step0,0,K,u,head,1024,512-1024,16,64,0.08353795,0.08374813,0.08362904,2.757965,2.757901,2.758085,2.772589,0.0003579533,0.0002165185
step0,0,V,u,head,1024,spike,16,64,0.08341597,0.08377378,0.08362904,2.758023,2.757635,2.758085,2.772589,0.0001620978,0.0002534471
step0,0,V,u,head,1024,32-64,16,64,0.08339149,0.08366338,0.08362904,2.758093,2.757952,2.758085,2.772589,0.0002081899,0.0001084893
step0,0,V,u,head,1024,64-128,16,64,0.08378659,0.08376841,0.08362904,2.757795,2.757845,2.758085,2.772589,0.000298158,0.0003932638
step0,0,V,u,head,1024,128-256,16,64,0.08357269,0.08372252,0.08362904,2.75793,2.757875,2.758085,2.772589,0.0003487511,0.0002648333
step0,0,V,u,head,1024,256-512,16,64,0.08357749,0.08357241,0.08362904,2.758076,2.758013,2.758085,2.772589,0.0002370602,0.0003655793
step0,0,V,u,head,1024,512-1024,16,64,0.08388018,0.08343311,0.08362904,2.757745,2.758201,2.758085,2.772589,0.0003664735,0.0001706354
step0,0,O,v,head,1024,spike,16,64,0.08358169,0.08392978,0.08362904,2.757972,2.757565,2.758085,2.772589,0.0003707024,0.0002719692
step0,0,O,v,head,1024,32-64,16,64,0.08347726,0.08362015,0.08362904,2.758,2.757848,2.758085,2.772589,0.0003586485,0.0003039892
step0,0,O,v,head,1024,64-128,16,64,0.08346533,0.08371077,0.08362904,2.758054,2.75779,2.758085,2.772589,0.000339757,0.0003332192
step0,0,O,v,head,1024,128-256,16,64,0.08365817,0.08361323,0.08362904,2.757926,2.757886,2.758085,2.772589,0.0004431668,0.0003464126
step0,0,O,v,head,1024,256-512,16,64,0.08358908,0.08371193,0.08362904,2.757896,2.758032,2.758085,2.772589,0.0003034789,0.0002877016
step0,0,O,v,head,1024,512-1024,16,64,0.08351979,0.08339928,0.08362904,2.75796,2.758104,2.758085,2.772589,0.0002121378,0.0002431412
step1,1,Q,u,head,1024,spike,16,64,0.08345149,0.083739,0.08362904,2.757947,2.757645,2.758085,2.772589,0.0001455645,0.0001853486
step1,1,Q,u,head,1024,32-64,16,64,0.08357674,0.08389671,0.08362904,2.757966,2.757537,2.758085,2.772589,0.000251433,9.453401e-05
step1,1,Q,u,head,1024,64-128,16,64,0.08366914,0.0834863,0.08362904,2.757993,2.758059,2.758085,2.772589,0.0002237777,0.0002511329
step1,1,Q,u,head,1024,128-256,16,64,0.08364873,0.08361418,0.08362904,2.758002,2.757903,2.758085,2.772589,0.0003070511,0.0001599556
step1,1,Q,u,head,1024,256-512,16,64,0.08342931,0.08367927,0.08362904,2.75816,2.757977,2.758085,2.772589,0.0004330153,0.000224295
step1,1,Q,u,head,1024,512-1024,16,64,0.08354493,0.08359496,0.08362904,2.757944,2.758043,2.758085,2.772589,0.000220646,0.0001823245
step1,1,K,u,head,1024,spike,16,64,0.08334784,0.08382491,0.08362904,2.758232,2.75764,2.758085,2.772589,0.0002338643,0.0002608343
step1,1,K,u,head,1024,32-64,16,64,0.08350194,0.08357044,0.08362904,2.758006,2.757969,2.758085,2.772589,0.0002196026,0.0002866404
step1,1,K,u,head,1024,64-128,16,64,0.08363145,0.08368992,0.08362904,2.758098,2.758005,2.758085,2.772589,0.0002123362,0.0001847753
step1,1,K,u,head,1024,128-256,16,64,0.08339813,0.08366892,0.08362904,2.758049,2.75778,2.758085,2.772589,0.0003986128,0.0004175637
step1,1,K,u,head,1024,256-512,16,64,0.08335105,0.08381569,0.08362904,2.758267,2.757777,2.758085,2.772589,4.709424e-05,0.0001386571
step1,1,K,u,head,1024,512-1024,16,64,0.08353795,0.08353695,0.08362904,2.757965,2.757886,2.758085,2.772589,0.0003579533,0.0002165185
step1,1,V,u,head,1024,spike,16,64,0.08341597,0.08405193,0.08362904,2.758023,2.757601,2.758085,2.772589,0.0001620978,0.0002534471
step1,1,V,u,head,1024,32-64,16,64,0.08339149,0.08379098,0.08362904,2.758093,2.757965,2.758085,2.772589,0.0002081899,0.0001084893
step1,1,V,u,head,1024,64-128,16,64,0.08378659,0.08359114,0.08362904,2.757795,2.758057,2.758085,2.772589,0.000298158,0.0003932638
step1,1,V,u,head,1024,128-256,16,64,0.08357269,0.083504,0.08362904,2.75793,2.758046,2.758085,2.772589,0.0003487511,0.0002648333
step1,1,V,u,head,1024,256-512,16,64,0.08357749,0.08362641,0.08362904,2.758076,2.757963,2.758085,2.772589,0.0002370602,0.0003655793
step1,1,V,u,head,1024,512-1024,16,64,0.08388018,0.08343866,0.08362904,2.757745,2.758148,2.758085,2.772589,0.0003664735,0.0001706354
step1,1,O,v,head,1024,spike,16,64,0.08358169,0.08355928,0.08362904,2.757972,2.757865,2.758085,2.772589,0.0003707024,0.0002719692
step1,1,O,v,head,1024,32-64,16,64,0.08347726,0.08373477,0.08362904,2.758,2.757993,2.758085,2.772589,0.0003586485,0.0003039892
step1,1,O,v,head,1024,64-128,16,64,0.08346533,0.08320471,0.08362904,2.758054,2.75812,2.758085,2.772589,0.000339757,0.0003332192
step1,1,O,v,head,1024,128-256,16,64,0.08365817,0.08368916,0.08362904,2.757926,2.75784,2.758085,2.772589,0.0004431668,0.0003464126
step1,1,O,v,head,1024,256-512,16,64,0.08358908,0.0835988,0.08362904,2.757896,2.758077,2.758085,2.772589,0.0003034789,0.0002877016
step1,1,O,v,head,1024,512-1024,16,64,0.08351979,0.083566,0.08362904,2.75796,2.758073,2.758085,2.772589,0.0002121378,0.0002431412
step2,2,Q,u,head,1024,spike,16,64,0.0834514,0.08412563,0.08362904,2.757947,2.757511,2.758085,2.772589,0.0001455607,0.0001853549
step2,2,Q,u,head,1024,32-64,16,64,0.08357685,0.08375576,0.08362904,2.757966,2.757726,2.758085,2.772589,0.0002514589,9.450653e-05
step2,2,Q,u,head,1024,64-128,16,64,0.08366912,0.08361797,0.08362904,2.757993,2.757828,2.758085,2.772589,0.0002238293,0.0002510879
step2,2,Q,u,head,1024,128-256,16,64,0.0836486,0.08357637,0.08362904,2.758002,2.757895,2.758085,2.772589,0.0003070145,0.0001599139
step2,2,Q,u,head,1024,256-512,16,64,0.08342932,0.08353237,0.08362904,2.75816,2.757834,2.758085,2.772589,0.0004329634,0.0002243041
step2,2,Q,u,head,1024,512-1024,16,64,0.08354483,0.08344089,0.08362904,2.757944,2.758092,2.758085,2.772589,0.0002208144,0.0001823275
step2,2,K,u,head,1024,spike,16,64,0.0833478,0.08369626,0.08362904,2.758232,2.75774,2.758085,2.772589,0.0002338406,0.0002608621
step2,2,K,u,head,1024,32-64,16,64,0.0835019,0.08370567,0.08362904,2.758006,2.757779,2.758085,2.772589,0.0002197621,0.000286681
step2,2,K,u,head,1024,64-128,16,64,0.08363135,0.08379049,0.08362904,2.758098,2.757826,2.758085,2.772589,0.0002123784,0.0001848264
step2,2,K,u,head,1024,128-256,16,64,0.08339824,0.08350636,0.08362904,2.758049,2.758065,2.758085,2.772589,0.0003986222,0.0004175395
step2,2,K,u,head,1024,256-512,16,64,0.08335108,0.08368003,0.08362904,2.758267,2.757892,2.758085,2.772589,4.692518e-05,0.0001386164
step2,2,K,u,head,1024,512-1024,16,64,0.08353797,0.08355255,0.08362904,2.757965,2.757991,2.758085,2.772589,0.0003579925,0.0002164979
step2,2,V,u,head,1024,spike,16,64,0.08341594,0.08379386,0.08362904,2.758023,2.757667,2.758085,2.772589,0.0001621308,0.0002534634
step2,2,V,u,head,1024,32-64,16,64,0.08339142,0.08379966,0.08362904,2.758093,2.75769,2.758085,2.772589,0.0002081983,0.0001084729
step2,2,V,u,head,1024,64-128,16,64,0.08378658,0.08366014,0.08362904,2.757795,2.757905,2.758085,2.772589,0.0002981046,0.0003932785
step2,2,V,u,head,1024,128-256,16,64,0.08357242,0.08346749,0.08362904,2.75793,2.757969,2.758085,2.772589,0.0003489772,0.0002647976
step2,2,V,u,head,1024,256-512,16,64,0.08357749,0.08341064,0.08362904,2.758076,2.758181,2.758085,2.772589,0.0002371271,0.0003656007
step2,2,V,u,head,1024,512-1024,16,64,0.0838801,0.08345569,0.08362904,2.757745,2.758021,2.758085,2.772589,0.0003664412,0.0001705861
step2,2,O,v,head,1024,spike,16,64,0.08358196,0.08401652,0.08362904,2.757972,2.757536,2.758085,2.772589,0.000370603,0.0002719963
step2,2,O,v,head,1024,32-64,16,64,0.08347731,0.0834364,0.08362904,2.758,2.757912,2.758085,2.772589,0.0003578618,0.0003040266
step2,2,O,v,head,1024,64-128,16,64,0.08346538,0.08388387,0.08362904,2.758055,2.757739,2.758085,2.772589,0.0003402693,0.0003338642
step2,2,O,v,head,1024,128-256,16,64,0.0836584,0.08369243,0.08362904,2.757926,2.757997,2.758085,2.772589,0.0004434673,0.0003463424
step2,2,O,v,head,1024,256-512,16,64,0.08358906,0.08373045,0.08362904,2.757896,2.757869,2.758085,2.772589,0.0003026451,0.0002877546
step2,2,O,v,head,1024,512-1024,16,64,0.0835196,0.0836761,0.08362904,2.75796,2.757931,2.758085,2.772589,0.0002112759,0.000242741
step4,4,Q,u,head,1024,spike,16,64,0.0834514,0.08405026,0.08362904,2.757947,2.757542,2.758085,2.772589,0.0001454724,0.000185066
step4,4,Q,u,head,1024,32-64,16,64,0.08357644,0.08406582,0.08362904,2.757966,2.757579,2.758085,2.772589,0.0002517425,9.482514e-05
step4,4,Q,u,head,1024,64-128,16,64,0.08366883,0.08370824,0.08362904,2.757993,2.757825,2.758085,2.772589,0.000223677,0.0002510701
step4,4,Q,u,head,1024,128-256,16,64,0.08364865,0.08370126,0.08362904,2.758002,2.75799,2.758085,2.772589,0.0003070841,0.0001601117
step4,4,Q,u,head,1024,256-512,16,64,0.08342898,0.08350361,0.08362904,2.75816,2.757912,2.758085,2.772589,0.0004323982,0.0002240367
step4,4,Q,u,head,1024,512-1024,16,64,0.08354493,0.08340853,0.08362904,2.757943,2.758167,2.758085,2.772589,0.0002212733,0.0001825744
step4,4,K,u,head,1024,spike,16,64,0.08334804,0.08385201,0.08362904,2.758232,2.757771,2.758085,2.772589,0.00023401,0.0002607332
step4,4,K,u,head,1024,32-64,16,64,0.08350214,0.08368405,0.08362904,2.758006,2.757879,2.758085,2.772589,0.0002201008,0.0002867621
step4,4,K,u,head,1024,64-128,16,64,0.08363171,0.08373208,0.08362904,2.758098,2.757945,2.758085,2.772589,0.000212248,0.0001845536
step4,4,K,u,head,1024,128-256,16,64,0.08339826,0.08374543,0.08362904,2.758049,2.75776,2.758085,2.772589,0.000398624,0.000417784
step4,4,K,u,head,1024,256-512,16,64,0.08335094,0.08350829,0.08362904,2.758267,2.757978,2.758085,2.772589,4.562171e-05,0.0001386745
step4,4,K,u,head,1024,512-1024,16,64,0.08353784,0.08374871,0.08362904,2.757966,2.757939,2.758085,2.772589,0.0003590383,0.0002168196
step4,4,V,u,head,1024,spike,16,64,0.08341574,0.0838347,0.08362904,2.758023,2.757677,2.758085,2.772589,0.0001620407,0.0002532883
step4,4,V,u,head,1024,32-64,16,64,0.08339146,0.08342254,0.08362904,2.758093,2.757942,2.758085,2.772589,0.0002077939,0.0001083355
step4,4,V,u,head,1024,64-128,16,64,0.08378673,0.08342145,0.08362904,2.757795,2.75793,2.758085,2.772589,0.0002982899,0.0003932818
step4,4,V,u,head,1024,128-256,16,64,0.08357247,0.08364147,0.08362904,2.75793,2.757792,2.758085,2.772589,0.0003483097,0.0002643508
step4,4,V,u,head,1024,256-512,16,64,0.08357734,0.08342674,0.08362904,2.758076,2.758131,2.758085,2.772589,0.0002368942,0.0003656841
step4,4,V,u,head,1024,512-1024,16,64,0.08387976,0.08361254,0.08362904,2.757745,2.757991,2.758085,2.772589,0.0003662672,0.0001707682
step4,4,O,v,head,1024,spike,16,64,0.0835812,0.08386079,0.08362904,2.757973,2.75766,2.758085,2.772589,0.0003703077,0.00027343
step4,4,O,v,head,1024,32-64,16,64,0.08347563,0.08364955,0.08362904,2.758002,2.757835,2.758085,2.772589,0.0003546317,0.0003023572
step4,4,O,v,head,1024,64-128,16,64,0.0834693,0.08341269,0.08362904,2.758053,2.758104,2.758085,2.772589,0.0003444893,0.0003339232
step4,4,O,v,head,1024,128-256,16,64,0.08366919,0.08391165,0.08362904,2.757921,2.757745,2.758085,2.772589,0.0004503551,0.000348
step4,4,O,v,head,1024,256-512,16,64,0.08359492,0.0834258,0.08362904,2.757896,2.758108,2.758085,2.772589,0.0002964156,0.0002839448
step4,4,O,v,head,1024,512-1024,16,64,0.08352066,0.08341618,0.08362904,2.757961,2.758005,2.758085,2.772589,0.0002277868,0.0002427688
step8,8,Q,u,head,1024,spike,16,64,0.08345048,0.08408828,0.08362904,2.757947,2.757517,2.758085,2.772589,0.0001448469,0.000184282
step8,8,Q,u,head,1024,32-64,16,64,0.08357767,0.08356615,0.08362904,2.757966,2.757974,2.758085,2.772589,0.0002519415,9.506783e-05
step8,8,Q,u,head,1024,64-128,16,64,0.08366911,0.08314422,0.08362904,2.757996,2.75842,2.758085,2.772589,0.0002240453,0.0002532356
step8,8,Q,u,head,1024,128-256,16,64,0.0836508,0.08362998,0.08362904,2.758005,2.757862,2.758085,2.772589,0.0003039728,0.0001637534
step8,8,Q,u,head,1024,256-512,16,64,0.08343004,0.0834848,0.08362904,2.75816,2.758142,2.758085,2.772589,0.000428325,0.0002251441
step8,8,Q,u,head,1024,512-1024,16,64,0.08353887,0.08362228,0.08362904,2.757942,2.758015,2.758085,2.772589,0.0002195885,0.0001807447
step8,8,K,u,head,1024,spike,16,64,0.08334564,0.08357487,0.08362904,2.758233,2.757885,2.758085,2.772589,0.0002330578,0.0002605349
step8,8,K,u,head,1024,32-64,16,64,0.08350255,0.08366591,0.08362904,2.758005,2.757769,2.758085,2.772589,0.0002198281,0.0002889566
step8,8,K,u,head,1024,64-128,16,64,0.08363348,0.08364178,0.08362904,2.758099,2.757862,2.758085,2.772589,0.0002112304,0.0001853849
step8,8,K,u,head,1024,128-256,16,64,0.0833991,0.08367852,0.08362904,2.75805,2.757865,2.758085,2.772589,0.0004045903,0.0004205
step8,8,K,u,head,1024,256-512,16,64,0.08335335,0.0834804,0.08362904,2.758264,2.75804,2.758085,2.772589,4.569982e-05,0.000142079
step8,8,K,u,head,1024,512-1024,16,64,0.08353834,0.08361868,0.08362904,2.757968,2.758027,2.758085,2.772589,0.0003590325,0.0002183899
step8,8,V,u,head,1024,spike,16,64,0.08341585,0.08375007,0.08362904,2.758023,2.757773,2.758085,2.772589,0.0001624763,0.0002549636
step8,8,V,u,head,1024,32-64,16,64,0.08339752,0.08383146,0.08362904,2.758092,2.757732,2.758085,2.772589,0.0002074804,0.0001089322
step8,8,V,u,head,1024,64-128,16,64,0.08378878,0.0837096,0.08362904,2.757795,2.757768,2.758085,2.772589,0.0003015085,0.0003936113
step8,8,V,u,head,1024,128-256,16,64,0.08358108,0.08383099,0.08362904,2.757929,2.757937,2.758085,2.772589,0.0003350461,0.0002644958
step8,8,V,u,head,1024,256-512,16,64,0.08357619,0.08333396,0.08362904,2.758076,2.757903,2.758085,2.772589,0.0002410186,0.0003655695
step8,8,V,u,head,1024,512-1024,16,64,0.08387534,0.08355821,0.08362904,2.757745,2.758015,2.758085,2.772589,0.000362355,0.0001696118
step8,8,O,v,head,1024,spike,16,64,0.08358208,0.08380785,0.08362904,2.757973,2.757497,2.758085,2.772589,0.0003675643,0.0002780408
step8,8,O,v,head,1024,32-64,16,64,0.08347319,0.08385987,0.08362904,2.758006,2.757518,2.758085,2.772589,0.0003501879,0.0003058123
step8,8,O,v,head,1024,64-128,16,64,0.08347635,0.08368976,0.08362904,2.758051,2.757817,2.758085,2.772589,0.0003608865,0.0003375762
step8,8,O,v,head,1024,128-256,16,64,0.08366048,0.08356838,0.08362904,2.757916,2.757894,2.758085,2.772589,0.0004525779,0.0003516587
step8,8,O,v,head,1024,256-512,16,64,0.08364005,0.08366882,0.08362904,2.757895,2.757969,2.758085,2.772589,0.0003073667,0.0002717545
step8,8,O,v,head,1024,512-1024,16,64,0.08347582,0.08340078,0.08362904,2.757967,2.757982,2.758085,2.772589,0.0002528167,0.0002509717
step16,16,Q,u,head,1024,spike,16,64,0.08345032,0.08400085,0.08362904,2.757948,2.757608,2.758085,2.772589,0.000144102,0.0001809828
step16,16,Q,u,head,1024,32-64,16,64,0.0835688,0.08361731,0.08362904,2.757966,2.757943,2.758085,2.772589,0.0002533285,0.0001026103
step16,16,Q,u,head,1024,64-128,16,64,0.08365109,0.08387382,0.08362904,2.758006,2.757824,2.758085,2.772589,0.0002144265,0.0002450178
step16,16,Q,u,head,1024,128-256,16,64,0.08365391,0.08333949,0.08362904,2.758021,2.758058,2.758085,2.772589,0.0003050046,0.0001696435
step16,16,Q,u,head,1024,256-512,16,64,0.083425,0.08355304,0.08362904,2.758151,2.757935,2.758085,2.772589,0.0004192446,0.0002341963
step16,16,Q,u,head,1024,512-1024,16,64,0.08353464,0.08331788,0.08362904,2.757947,2.758149,2.758085,2.772589,0.0002349542,0.0001759454
step16,16,K,u,head,1024,spike,16,64,0.08333751,0.08395923,0.08362904,2.758236,2.757505,2.758085,2.772589,0.0002288822,0.0002604103
step16,16,K,u,head,1024,32-64,16,64,0.08350538,0.08354441,0.08362904,2.758005,2.75786,2.758085,2.772589,0.0002179226,0.0002891928
step16,16,K,u,head,1024,64-128,16,64,0.08364326,0.08349533,0.08362904,2.758097,2.757926,2.758085,2.772589,0.0002120514,0.0001920424
step16,16,K,u,head,1024,128-256,16,64,0.08340732,0.08328441,0.08362904,2.758047,2.75823,2.758085,2.772589,0.0003864096,0.000421572
step16,16,K,u,head,1024,256-512,16,64,0.08337039,0.08386174,0.08362904,2.758259,2.757906,2.758085,2.772589,5.766228e-05,0.000142658
step16,16,K,u,head,1024,512-1024,16,64,0.08354961,0.08355905,0.08362904,2.757973,2.758069,2.758085,2.772589,0.0003474927,0.0002213984
step16,16,V,u,head,1024,spike,16,64,0.08340978,0.08352721,0.08362904,2.758025,2.757887,2.758085,2.772589,0.0001623307,0.0002583132
step16,16,V,u,head,1024,32-64,16,64,0.08339814,0.08382769,0.08362904,2.758093,2.757691,2.758085,2.772589,0.0002102967,0.0001116189
step16,16,V,u,head,1024,64-128,16,64,0.08380944,0.08359121,0.08362904,2.757791,2.757853,2.758085,2.772589,0.0003167226,0.0004093109
step16,16,V,u,head,1024,128-256,16,64,0.08357637,0.08378955,0.08362904,2.757931,2.757878,2.758085,2.772589,0.0003250439,0.0002737436
step16,16,V,u,head,1024,256-512,16,64,0.083579,0.08352779,0.08362904,2.75807,2.758114,2.758085,2.772589,0.0002283268,0.0003562864
step16,16,V,u,head,1024,512-1024,16,64,0.08385835,0.08337899,0.08362904,2.757743,2.758179,2.758085,2.772589,0.0003600791,0.0001547698
step16,16,O,v,head,1024,spike,16,64,0.08358019,0.08394416,0.08362904,2.75795,2.757613,2.758085,2.772589,0.0003810053,0.0002993086
step16,16,O,v,head,1024,32-64,16,64,0.08353461,0.08384311,0.08362904,2.758015,2.757653,2.758085,2.772589,0.0004044376,0.0003837824
step16,16,O,v,head,1024,64-128,16,64,0.08347541,0.08365147,0.08362904,2.758057,2.757845,2.758085,2.772589,0.0003365691,0.0003391418
step16,16,O,v,head,1024,128-256,16,64,0.08366072,0.08369859,0.08362904,2.75792,2.758028,2.758085,2.772589,0.0004623004,0.0003564356
step16,16,O,v,head,1024,256-512,16,64,0.08367747,0.08339833,0.08362904,2.757877,2.758046,2.758085,2.772589,0.0002425503,0.000239173
step16,16,O,v,head,1024,512-1024,16,64,0.08348309,0.08358577,0.08362904,2.757977,2.757846,2.758085,2.772589,0.0002739513,0.0002453938
step32,32,Q,u,head,1024,spike,16,64,0.08344488,0.0837775,0.08362904,2.757942,2.757888,2.758085,2.772589,0.0001489422,0.0001793779
step32,32,Q,u,head,1024,32-64,16,64,0.08356628,0.08350347,0.08362904,2.757969,2.757995,2.758085,2.772589,0.000254614,0.0001276352
step32,32,Q,u,head,1024,64-128,16,64,0.08361083,0.08369462,0.08362904,2.75801,2.757775,2.758085,2.772589,0.0001854142,0.0002460755
step32,32,Q,u,head,1024,128-256,16,64,0.08366064,0.08377155,0.08362904,2.758029,2.758037,2.758085,2.772589,0.0002775245,0.0001674061
step32,32,Q,u,head,1024,256-512,16,64,0.08342585,0.08338908,0.08362904,2.758139,2.758022,2.758085,2.772589,0.0003899962,0.0002651568
step32,32,Q,u,head,1024,512-1024,16,64,0.08353291,0.08373751,0.08362904,2.757934,2.758044,2.758085,2.772589,0.0002433767,0.0001922956
step32,32,K,u,head,1024,spike,16,64,0.08332802,0.08356364,0.08362904,2.758241,2.757953,2.758085,2.772589,0.0002373909,0.0002678514
step32,32,K,u,head,1024,32-64,16,64,0.08351938,0.08351502,0.08362904,2.75801,2.757979,2.758085,2.772589,0.0002333678,0.0002779893
step32,32,K,u,head,1024,64-128,16,64,0.08367268,0.0836803,0.08362904,2.758101,2.75788,2.758085,2.772589,0.0002395277,0.0002026759
step32,32,K,u,head,1024,128-256,16,64,0.08345062,0.08368095,0.08362904,2.758023,2.758007,2.758085,2.772589,0.0004118852,0.000439668
step32,32,K,u,head,1024,256-512,16,64,0.08336472,0.08324006,0.08362904,2.758269,2.758244,2.758085,2.772589,1.443409e-05,0.0001400571
step32,32,K,u,head,1024,512-1024,16,64,0.08354173,0.08367118,0.08362904,2.75798,2.758023,2.758085,2.772589,0.0003561021,0.0002261595
step32,32,V,u,head,1024,spike,16,64,0.08341208,0.08384824,0.08362904,2.758031,2.757643,2.758085,2.772589,0.0001666132,0.0002637831
step32,32,V,u,head,1024,32-64,16,64,0.08340583,0.08367356,0.08362904,2.75809,2.758024,2.758085,2.772589,0.0002233803,0.000113954
step32,32,V,u,head,1024,64-128,16,64,0.08383956,0.08381801,0.08362904,2.757766,2.757794,2.758085,2.772589,0.0003272096,0.0004107266
step32,32,V,u,head,1024,128-256,16,64,0.08352907,0.08373838,0.08362904,2.757957,2.75803,2.758085,2.772589,0.0003627941,0.0003061702
step32,32,V,u,head,1024,256-512,16,64,0.0835535,0.08355963,0.08362904,2.758051,2.757829,2.758085,2.772589,0.0002390119,0.000344192
step32,32,V,u,head,1024,512-1024,16,64,0.08385025,0.08343195,0.08362904,2.757732,2.758159,2.758085,2.772589,0.0003805902,0.0001419852
step32,32,O,v,head,1024,spike,16,64,0.08350676,0.0838784,0.08362904,2.757935,2.75771,2.758085,2.772589,0.0004301435,0.0002955803
step32,32,O,v,head,1024,32-64,16,64,0.0835307,0.08375952,0.08362904,2.758054,2.757722,2.758085,2.772589,0.0004638437,0.000359655
step32,32,O,v,head,1024,64-128,16,64,0.08352569,0.08360693,0.08362904,2.758033,2.757917,2.758085,2.772589,0.0003192424,0.0003223354
step32,32,O,v,head,1024,128-256,16,64,0.08362301,0.08371842,0.08362904,2.757901,2.757894,2.758085,2.772589,0.000325412,0.0002548253
step32,32,O,v,head,1024,256-512,16,64,0.08366766,0.08372654,0.08362904,2.757862,2.757855,2.758085,2.772589,0.0003065332,0.0001914893
step32,32,O,v,head,1024,512-1024,16,64,0.08339379,0.08361558,0.08362904,2.757976,2.75789,2.758085,2.772589,0.0003270936,0.0002315486
step64,64,Q,u,head,1024,spike,16,64,0.08345033,0.08385376,0.08362904,2.757953,2.757795,2.758085,2.772589,0.0001446675,0.0001658349
step64,64,Q,u,head,1024,32-64,16,64,0.08359466,0.08372656,0.08362904,2.757976,2.757843,2.758085,2.772589,0.0002540261,0.0001663303
step64,64,Q,u,head,1024,64-128,16,64,0.0836072,0.08371778,0.08362904,2.757985,2.757777,2.758085,2.772589,0.0001702196,0.0002594085
step64,64,Q,u,head,1024,128-256,16,64,0.08358451,0.08366288,0.08362904,2.75805,2.757788,2.758085,2.772589,0.0002931851,0.0001556919
step64,64,Q,u,head,1024,256-512,16,64,0.08333901,0.08348416,0.08362904,2.758203,2.757934,2.758085,2.772589,0.0003212149,0.0002353037
step64,64,Q,u,head,1024,512-1024,16,64,0.0837261,0.0833667,0.08362904,2.75786,2.758039,2.758085,2.772589,0.0001666028,0.0001478712
step64,64,K,u,head,1024,spike,16,64,0.08334989,0.08390431,0.08362904,2.758228,2.75769,2.758085,2.772589,0.0001884579,0.0002479971
step64,64,K,u,head,1024,32-64,16,64,0.08343905,0.08369351,0.08362904,2.758029,2.757769,2.758085,2.772589,0.0002911792,0.000278113
step64,64,K,u,head,1024,64-128,16,64,0.08354753,0.0837404,0.08362904,2.758136,2.757847,2.758085,2.772589,0.0002827504,0.0002156856
step64,64,K,u,head,1024,128-256,16,64,0.08350938,0.08374077,0.08362904,2.758059,2.757949,2.758085,2.772589,0.0004336845,0.000479766
step64,64,K,u,head,1024,256-512,16,64,0.08330777,0.08359027,0.08362904,2.758273,2.75811,2.758085,2.772589,5.779746e-05,0.0001282134
step64,64,K,u,head,1024,512-1024,16,64,0.08354023,0.08352983,0.08362904,2.757895,2.758028,2.758085,2.772589,0.0002468728,0.0001965796
step64,64,V,u,head,1024,spike,16,64,0.0834121,0.08357236,0.08362904,2.758032,2.757835,2.758085,2.772589,0.0001626527,0.000254692
step64,64,V,u,head,1024,32-64,16,64,0.08344198,0.08389938,0.08362904,2.758063,2.757765,2.758085,2.772589,0.000235196,0.0001350031
step64,64,V,u,head,1024,64-128,16,64,0.08378684,0.08372308,0.08362904,2.757769,2.757832,2.758085,2.772589,0.0003230633,0.0004193374
step64,64,V,u,head,1024,128-256,16,64,0.08351463,0.08353492,0.08362904,2.757974,2.757934,2.758085,2.772589,0.0003840511,0.0003448314
step64,64,V,u,head,1024,256-512,16,64,0.08360858,0.08357928,0.08362904,2.758036,2.757944,2.758085,2.772589,0.0002547754,0.0003214616
step64,64,V,u,head,1024,512-1024,16,64,0.0838713,0.08340621,0.08362904,2.757744,2.758067,2.758085,2.772589,0.0003957239,0.0001020292
step64,64,O,v,head,1024,spike,16,64,0.08368043,0.08389793,0.08362904,2.757837,2.757662,2.758085,2.772589,0.0004110134,0.0003224392
step64,64,O,v,head,1024,32-64,16,64,0.08337773,0.08398648,0.08362904,2.758132,2.757571,2.758085,2.772589,0.0004864995,0.0004526957
step64,64,O,v,head,1024,64-128,16,64,0.08338781,0.08371585,0.08362904,2.758037,2.757748,2.758085,2.772589,0.0004638254,0.0004440358
step64,64,O,v,head,1024,128-256,16,64,0.08368343,0.08357618,0.08362904,2.757836,2.757869,2.758085,2.772589,0.0001893622,0.0002295899
step64,64,O,v,head,1024,256-512,16,64,0.08352989,0.08334284,0.08362904,2.757944,2.757899,2.758085,2.772589,0.0002035656,0.0001671021
step64,64,O,v,head,1024,512-1024,16,64,0.08350892,0.08363962,0.08362904,2.758108,2.757981,2.758085,2.772589,0.0001497685,0.0002531764
step128,128,Q,u,head,1024,spike,16,64,0.08351027,0.08387811,0.08362904,2.757895,2.757774,2.758085,2.772589,0.0002078457,0.0001915847
step128,128,Q,u,head,1024,32-64,16,64,0.08361861,0.08359693,0.08362904,2.757953,2.757851,2.758085,2.772589,0.0002281635,0.0002850494
step128,128,Q,u,head,1024,64-128,16,64,0.08345739,0.08352748,0.08362904,2.758056,2.757872,2.758085,2.772589,0.0003077261,0.0003814327
step128,128,Q,u,head,1024,128-256,16,64,0.08358005,0.08374642,0.08362904,2.758,2.757984,2.758085,2.772589,0.0003211665,9.421475e-05
step128,128,Q,u,head,1024,256-512,16,64,0.08339848,0.0835207,0.08362904,2.758192,2.757971,2.758085,2.772589,0.0005234229,0.000315384
step128,128,Q,u,head,1024,512-1024,16,64,0.08368981,0.08368202,0.08362904,2.757899,2.757955,2.758085,2.772589,0.0004032718,0.0002748322
step128,128,K,u,head,1024,spike,16,64,0.08346516,0.08381661,0.08362904,2.758196,2.75776,2.758085,2.772589,0.0001982884,0.0002529727
step128,128,K,u,head,1024,32-64,16,64,0.08349891,0.08372693,0.08362904,2.757931,2.75791,2.758085,2.772589,0.0004577479,0.0002733888
step128,128,K,u,head,1024,64-128,16,64,0.08347793,0.08343583,0.08362904,2.75821,2.758008,2.758085,2.772589,0.0003063138,0.0002897347
step128,128,K,u,head,1024,128-256,16,64,0.08365164,0.08366554,0.08362904,2.757861,2.758155,2.758085,2.772589,0.0003561248,0.000290489
step128,128,K,u,head,1024,256-512,16,64,0.08344553,0.08351375,0.08362904,2.758131,2.758169,2.758085,2.772589,0.0001834024,0.0002013094
step128,128,K,u,head,1024,512-1024,16,64,0.08356901,0.08368322,0.08362904,2.757837,2.757858,2.758085,2.772589,0.000228708,0.000207413
step128,128,V,u,head,1024,spike,16,64,0.083402,0.08356474,0.08362904,2.758051,2.757741,2.758085,2.772589,0.0001762635,0.0002422896
step128,128,V,u,head,1024,32-64,16,64,0.0834429,0.08387332,0.08362904,2.758023,2.757877,2.758085,2.772589,0.0002732479,0.0001482918
step128,128,V,u,head,1024,64-128,16,64,0.08372182,0.08353846,0.08362904,2.757823,2.758015,2.758085,2.772589,0.0002480461,0.0004365757
step128,128,V,u,head,1024,128-256,16,64,0.08349337,0.08367215,0.08362904,2.757945,2.757706,2.758085,2.772589,0.0003346406,0.0002629631
step128,128,V,u,head,1024,256-512,16,64,0.08365581,0.08353441,0.08362904,2.757998,2.757969,2.758085,2.772589,0.0003338499,0.0004101326
step128,128,V,u,head,1024,512-1024,16,64,0.08373338,0.08333334,0.08362904,2.75779,2.758217,2.758085,2.772589,0.0004138521,0.0001365695
step128,128,O,v,head,1024,spike,16,64,0.0837032,0.0834922,0.08362904,2.757904,2.757846,2.758085,2.772589,0.0004839643,0.0002507849
step128,128,O,v,head,1024,32-64,16,64,0.08342909,0.08378371,0.08362904,2.758144,2.75787,2.758085,2.772589,0.0001949672,0.0001987488
step128,128,O,v,head,1024,64-128,16,64,0.08321612,0.08390528,0.08362904,2.75829,2.757924,2.758085,2.772589,0.0003118579,0.0002746668
step128,128,O,v,head,1024,128-256,16,64,0.08361249,0.08375215,0.08362904,2.758014,2.757782,2.758085,2.772589,0.000394584,0.0003339009
step128,128,O,v,head,1024,256-512,16,64,0.08366219,0.08352666,0.08362904,2.757963,2.758098,2.758085,2.772589,0.0003700816,0.0002330689
step128,128,O,v,head,1024,512-1024,16,64,0.08353373,0.08373268,0.08362904,2.75795,2.757941,2.758085,2.772589,0.0002015884,0.0001638331
step256,256,Q,u,head,1024,spike,16,64,0.08501728,0.0839694,0.08362904,2.756181,2.757599,2.758085,2.772589,0.0006388348,0.0006478621
step256,256,Q,u,head,1024,32-64,16,64,0.08360458,0.08382361,0.08362904,2.757969,2.757745,2.758085,2.772589,0.0002708951,0.0003131075
step256,256,Q,u,head,1024,64-128,16,64,0.0835349,0.08373197,0.08362904,2.757955,2.757846,2.758085,2.772589,0.0004046119,0.0002440197
step256,256,Q,u,head,1024,128-256,16,64,0.08382814,0.08347989,0.08362904,2.757773,2.757866,2.758085,2.772589,9.586389e-05,0.0003486409
step256,256,Q,u,head,1024,256-512,16,64,0.08348808,0.08356999,0.08362904,2.758089,2.758119,2.758085,2.772589,0.0002662787,0.0004107924
step256,256,Q,u,head,1024,512-1024,16,64,0.08365469,0.08359335,0.08362904,2.757889,2.757956,2.758085,2.772589,0.0002321599,0.000134403
step256,256,K,u,head,1024,spike,16,64,0.08417759,0.08370615,0.08362904,2.757001,2.757741,2.758085,2.772589,0.0002655868,0.0003006081
step256,256,K,u,head,1024,32-64,16,64,0.08338481,0.08364479,0.08362904,2.757966,2.757967,2.758085,2.772589,0.0003586489,0.0002517255
step256,256,K,u,head,1024,64-128,16,64,0.08351121,0.0836758,0.08362904,2.758096,2.75787,2.758085,2.772589,0.0003027677,0.0003050551
step256,256,K,u,head,1024,128-256,16,64,0.08329172,0.08397494,0.08362904,2.758186,2.757603,2.758085,2.772589,0.0003829306,0.0001843293
step256,256,K,u,head,1024,256-512,16,64,0.08345477,0.08350326,0.08362904,2.758074,2.758017,2.758085,2.772589,0.0004195657,0.0002823875
step256,256,K,u,head,1024,512-1024,16,64,0.08372757,0.08360518,0.08362904,2.757845,2.757788,2.758085,2.772589,0.0001600228,0.0002660573
step256,256,V,u,head,1024,spike,16,64,0.08346473,0.08377533,0.08362904,2.758065,2.75772,2.758085,2.772589,0.0001165147,0.0002206723
step256,256,V,u,head,1024,32-64,16,64,0.08346547,0.08361418,0.08362904,2.758067,2.757858,2.758085,2.772589,0.0002539975,0.0001500953
step256,256,V,u,head,1024,64-128,16,64,0.08375838,0.08345611,0.08362904,2.757731,2.758135,2.758085,2.772589,0.0004332401,0.0004043828
step256,256,V,u,head,1024,128-256,16,64,0.08368587,0.08357297,0.08362904,2.757845,2.757976,2.758085,2.772589,9.950012e-05,0.0002028417
step256,256,V,u,head,1024,256-512,16,64,0.08358587,0.08312267,0.08362904,2.758091,2.758254,2.758085,2.772589,0.0002635768,0.0004095678
step256,256,V,u,head,1024,512-1024,16,64,0.0836922,0.08358435,0.08362904,2.757871,2.757984,2.758085,2.772589,0.0003205594,0.0002024275
step256,256,O,v,head,1024,spike,16,64,0.08699114,0.08378951,0.08362904,2.753247,2.757639,2.758085,2.772589,0.0006897409,0.001282541
step256,256,O,v,head,1024,32-64,16,64,0.08369718,0.08357255,0.08362904,2.758101,2.75789,2.758085,2.772589,0.0003216259,0.0001403684
step256,256,O,v,head,1024,64-128,16,64,0.08350797,0.08376405,0.08362904,2.758106,2.757691,2.758085,2.772589,0.0004411853,0.0002923545
step256,256,O,v,head,1024,128-256,16,64,0.08329931,0.08338934,0.08362904,2.758184,2.758277,2.758085,2.772589,0.0003948246,0.0002329958
step256,256,O,v,head,1024,256-512,16,64,0.08337655,0.08338627,0.08362904,2.758169,2.758182,2.758085,2.772589,0.0002837332,0.0001294876
step256,256,O,v,head,1024,512-1024,16,64,0.0832518,0.08364191,0.08362904,2.758326,2.757937,2.758085,2.772589,0.0002521031,0.0001357744
step512,512,Q,u,head,1024,spike,16,64,0.09166049,0.08408959,0.08362904,2.74523,2.757268,2.758085,2.772589,0.0004978762,0.001073073
step512,512,Q,u,head,1024,32-64,16,64,0.08366189,0.08400526,0.08362904,2.757814,2.757565,2.758085,2.772589,0.0004572844,0.0002985605
step512,512,Q,u,head,1024,64-128,16,64,0.0835407,0.08356998,0.08362904,2.757881,2.75783,2.758085,2.772589,0.0002008504,0.0003193644
step512,512,Q,u,head,1024,128-256,16,64,0.08367846,0.08380738,0.08362904,2.75798,2.757725,2.758085,2.772589,0.0005354051,0.0004044068
step512,512,Q,u,head,1024,256-512,16,64,0.08350816,0.08354845,0.08362904,2.758094,2.757925,2.758085,2.772589,0.0002537463,0.0001791202
step512,512,Q,u,head,1024,512-1024,16,64,0.08355505,0.08349278,0.08362904,2.758037,2.758009,2.758085,2.772589,0.0003264696,0.0002525276
step512,512,K,u,head,1024,spike,16,64,0.09045218,0.08376485,0.08362904,2.747978,2.757713,2.758085,2.772589,0.0007577759,0.001282202
step512,512,K,u,head,1024,32-64,16,64,0.08341242,0.08405622,0.08362904,2.758103,2.757574,2.758085,2.772589,0.0002137945,0.000268029
step512,512,K,u,head,1024,64-128,16,64,0.08369644,0.08361309,0.08362904,2.75788,2.757874,2.758085,2.772589,0.0003080445,0.0002127898
step512,512,K,u,head,1024,128-256,16,64,0.08345119,0.08350554,0.08362904,2.757883,2.757912,2.758085,2.772589,0.0004305592,0.0002976539
step512,512,K,u,head,1024,256-512,16,64,0.08339256,0.08340617,0.08362904,2.75807,2.757925,2.758085,2.772589,0.0003225432,0.0001448682
step512,512,K,u,head,1024,512-1024,16,64,0.08362204,0.08369903,0.08362904,2.758119,2.757877,2.758085,2.772589,0.0003481883,0.0002729649
step512,512,V,u,head,1024,spike,16,64,0.08408092,0.08400509,0.08362904,2.757577,2.757471,2.758085,2.772589,0.0001536416,0.0001958004
step512,512,V,u,head,1024,32-64,16,64,0.08355407,0.08364986,0.08362904,2.758006,2.757877,2.758085,2.772589,0.0004700843,0.0001429536
step512,512,V,u,head,1024,64-128,16,64,0.08332615,0.08354462,0.08362904,2.757962,2.75799,2.758085,2.772589,0.0002958723,0.0003169731
step512,512,V,u,head,1024,128-256,16,64,0.08377455,0.08360086,0.08362904,2.75788,2.757962,2.758085,2.772589,0.0003258099,0.0004162424
step512,512,V,u,head,1024,256-512,16,64,0.08353003,0.08346677,0.08362904,2.758012,2.75788,2.758085,2.772589,0.0002527393,0.0001662952
step512,512,V,u,head,1024,512-1024,16,64,0.08385486,0.08373224,0.08362904,2.757878,2.757848,2.758085,2.772589,0.0004975464,0.0003417249
step512,512,O,v,head,1024,spike,16,64,0.1491846,0.1044353,0.08362904,2.63756,2.732666,2.758085,2.772589,0.007487025,0.01539788
step512,512,O,v,head,1024,32-64,16,64,0.08542798,0.09051532,0.08362904,2.756254,2.751691,2.758085,2.772589,0.0004600884,0.0003618081
step512,512,O,v,head,1024,64-128,16,64,0.08373202,0.08778741,0.08362904,2.757797,2.754327,2.758085,2.772589,0.0002399454,8.137884e-05
step512,512,O,v,head,1024,128-256,16,64,0.08370721,0.08484507,0.08362904,2.757824,2.756731,2.758085,2.772589,0.0003022856,0.0002536053
step512,512,O,v,head,1024,256-512,16,64,0.08353424,0.08389429,0.08362904,2.757857,2.757639,2.758085,2.772589,0.000168544,0.0002165863
step512,512,O,v,head,1024,512-1024,16,64,0.0834523,0.08358979,0.08362904,2.758131,2.75799,2.758085,2.772589,0.0003462534,0.0002237165
step1000,1000,Q,u,head,1024,spike,16,64,0.12523,0.09583807,0.08362904,2.676341,2.744484,2.758085,2.772589,0.006021768,0.01532317
step1000,1000,Q,u,head,1024,32-64,16,64,0.08511964,0.08922339,0.08362904,2.756643,2.752105,2.758085,2.772589,0.0004005967,0.0002674156
step1000,1000,Q,u,head,1024,64-128,16,64,0.0839789,0.08771342,0.08362904,2.757493,2.753997,2.758085,2.772589,0.00081914,0.0004171901
step1000,1000,Q,u,head,1024,128-256,16,64,0.0835252,0.08504209,0.08362904,2.757974,2.756399,2.758085,2.772589,0.0004549136,9.654943e-05
step1000,1000,Q,u,head,1024,256-512,16,64,0.08360377,0.08355595,0.08362904,2.757967,2.757778,2.758085,2.772589,0.0006477777,0.0004275643
step1000,1000,Q,u,head,1024,512-1024,16,64,0.08358686,0.0838726,0.08362904,2.758015,2.75773,2.758085,2.772589,0.0004222412,0.0001474738
step1000,1000,K,u,head,1024,spike,16,64,0.1174004,0.09059162,0.08362904,2.695795,2.750922,2.758085,2.772589,0.004772532,0.01141281
step1000,1000,K,u,head,1024,32-64,16,64,0.08429538,0.08657803,0.08362904,2.75738,2.755283,2.758085,2.772589,0.0005865514,0.0003833755
step1000,1000,K,u,head,1024,64-128,16,64,0.08375643,0.08552879,0.08362904,2.757708,2.756002,2.758085,2.772589,0.0003672839,0.0001713268
step1000,1000,K,u,head,1024,128-256,16,64,0.08331432,0.08414175,0.08362904,2.758245,2.757461,2.758085,2.772589,0.0003106386,0.0002010729
step1000,1000,K,u,head,1024,256-512,16,64,0.08356296,0.0837555,0.08362904,2.758059,2.757886,2.758085,2.772589,0.0004122504,0.0002464232
step1000,1000,K,u,head,1024,512-1024,16,64,0.08348251,0.08354396,0.08362904,2.758152,2.757831,2.758085,2.772589,0.0002543983,0.0002067259
step1000,1000,V,u,head,1024,spike,16,64,0.09412725,0.08654611,0.08362904,2.747135,2.755528,2.758085,2.772589,0.001822632,0.001276753
step1000,1000,V,u,head,1024,32-64,16,64,0.08540933,0.08521217,0.08362904,2.75651,2.75672,2.758085,2.772589,0.000471152,0.0001867739
step1000,1000,V,u,head,1024,64-128,16,64,0.08431185,0.08465456,0.08362904,2.757588,2.757066,2.758085,2.772589,0.0003565701,0.0002684547
step1000,1000,V,u,head,1024,128-256,16,64,0.08362328,0.08398916,0.08362904,2.757828,2.757641,2.758085,2.772589,0.000249797,0.0002969452
step1000,1000,V,u,head,1024,256-512,16,64,0.08347148,0.08343943,0.08362904,2.757976,2.758026,2.758085,2.772589,0.0001378476,0.0002478877
step1000,1000,V,u,head,1024,512-1024,16,64,0.08358559,0.08350747,0.08362904,2.758049,2.757899,2.758085,2.772589,0.000295022,0.0003764014
step1000,1000,O,v,head,1024,spike,16,64,0.2374017,0.2213615,0.08362904,2.440423,2.489889,2.758085,2.772589,0.01973529,0.0440015
step1000,1000,O,v,head,1024,32-64,16,64,0.1262054,0.1578376,0.08362904,2.687254,2.618816,2.758085,2.772589,0.008578021,0.01115243
step1000,1000,O,v,head,1024,64-128,16,64,0.1001367,0.1162622,0.08362904,2.736886,2.704047,2.758085,2.772589,0.002843728,0.004016582
step1000,1000,O,v,head,1024,128-256,16,64,0.08752238,0.09367775,0.08362904,2.754,2.744878,2.758085,2.772589,0.0003761994,0.0003128623
step1000,1000,O,v,head,1024,256-512,16,64,0.08398347,0.08462676,0.08362904,2.757366,2.755377,2.758085,2.772589,0.0003494415,0.0001970968
step1000,1000,O,v,head,1024,512-1024,16,64,0.08443126,0.08493104,0.08362904,2.756353,2.753755,2.758085,2.772589,0.0005503089,0.0007303753
step2000,2000,Q,u,head,1024,spike,16,64,0.1338171,0.1360808,0.08362904,2.651109,2.679913,2.758085,2.772589,0.002909256,0.006441317
step2000,2000,Q,u,head,1024,32-64,16,64,0.1031784,0.09888071,0.08362904,2.729074,2.737973,2.758085,2.772589,0.003720149,0.004065798
step2000,2000,Q,u,head,1024,64-128,16,64,0.08732666,0.09353893,0.08362904,2.753814,2.745811,2.758085,2.772589,0.0006956582,0.0005400888
step2000,2000,Q,u,head,1024,128-256,16,64,0.08445305,0.08753718,0.08362904,2.756848,2.75309,2.758085,2.772589,0.0002688978,0.0001996977
step2000,2000,Q,u,head,1024,256-512,16,64,0.08387076,0.08418845,0.08362904,2.757339,2.757255,2.758085,2.772589,0.0003081815,0.0002777121
step2000,2000,Q,u,head,1024,512-1024,16,64,0.08358195,0.08434684,0.08362904,2.75777,2.757178,2.758085,2.772589,0.0004187008,0.0002164513
step2000,2000,K,u,head,1024,spike,16,64,0.1307371,0.1361995,0.08362904,2.662602,2.673564,2.758085,2.772589,0.003975937,0.00865639
step2000,2000,K,u,head,1024,32-64,16,64,0.09636861,0.09278353,0.08362904,2.740819,2.74731,2.758085,2.772589,0.001980401,0.002550749
step2000,2000,K,u,head,1024,64-128,16,64,0.08628175,0.08930114,0.08362904,2.755066,2.751643,2.758085,2.772589,0.0008020684,0.0005560862
step2000,2000,K,u,head,1024,128-256,16,64,0.08430709,0.08604299,0.08362904,2.757115,2.755122,2.758085,2.772589,0.0002907857,0.0002380133
step2000,2000,K,u,head,1024,256-512,16,64,0.08409323,0.0838846,0.08362904,2.757543,2.757842,2.758085,2.772589,0.0002738569,0.0004234875
step2000,2000,K,u,head,1024,512-1024,16,64,0.08395876,0.08367713,0.08362904,2.757694,2.757777,2.758085,2.772589,0.0003197881,0.0001521335
step2000,2000,V,u,head,1024,spike,16,64,0.1426751,0.1075618,0.08362904,2.673316,2.732737,2.758085,2.772589,0.008142806,0.01048022
step2000,2000,V,u,head,1024,32-64,16,64,0.09854001,0.0969382,0.08362904,2.74073,2.745189,2.758085,2.772589,0.001947972,0.001543601
step2000,2000,V,u,head,1024,64-128,16,64,0.08951631,0.09200167,0.08362904,2.752043,2.749911,2.758085,2.772589,0.0006716993,0.0005271164
step2000,2000,V,u,head,1024,128-256,16,64,0.08473394,0.08706957,0.08362904,2.756991,2.754398,2.758085,2.772589,0.0002594958,0.0004623305
step2000,2000,V,u,head,1024,256-512,16,64,0.08336414,0.08399697,0.08362904,2.757993,2.757486,2.758085,2.772589,0.0002526719,0.0002418309
step2000,2000,V,u,head,1024,512-1024,16,64,0.0837928,0.08379218,0.08362904,2.757783,2.757672,2.758085,2.772589,0.0001397704,0.0002626768
step2000,2000,O,v,head,1024,spike,16,64,0.2262573,0.2833211,0.08362904,2.472425,2.354395,2.758085,2.772589,0.006209166,0.01930047
step2000,2000,O,v,head,1024,32-64,16,64,0.1747956,0.1880523,0.08362904,2.586749,2.548895,2.758085,2.772589,0.006455244,0.009613353
step2000,2000,O,v,head,1024,64-128,16,64,0.1336559,0.1436802,0.08362904,2.67057,2.634651,2.758085,2.772589,0.00300251,0.0059594
step2000,2000,O,v,head,1024,128-256,16,64,0.1073522,0.1098693,0.08362904,2.723748,2.708612,2.758085,2.772589,0.001696535,0.00202012
step2000,2000,O,v,head,1024,256-512,16,64,0.08910476,0.0885018,0.08362904,2.750587,2.750174,2.758085,2.772589,0.0006370192,0.0004857372
step2000,2000,O,v,head,1024,512-1024,16,64,0.08573086,0.08651793,0.08362904,2.754041,2.749922,2.758085,2.772589,0.0002918611,0.0004684084
step3000,3000,Q,u,head,1024,spike,16,64,0.1299816,0.156291,0.08362904,2.656739,2.637515,2.758085,2.772589,0.001809131,0.003008763
step3000,3000,Q,u,head,1024,32-64,16,64,0.1151456,0.1027597,0.08362904,2.704902,2.730565,2.758085,2.772589,0.005712188,0.007911237
step3000,3000,Q,u,head,1024,64-128,16,64,0.09506169,0.0959909,0.08362904,2.743466,2.74035,2.758085,2.772589,0.001605741,0.001260176
step3000,3000,Q,u,head,1024,128-256,16,64,0.08706686,0.08941853,0.08362904,2.753504,2.750007,2.758085,2.772589,0.0004400526,0.0004849541
step3000,3000,Q,u,head,1024,256-512,16,64,0.08489182,0.08460097,0.08362904,2.756016,2.756596,2.758085,2.772589,0.0001863467,0.0002986124
step3000,3000,Q,u,head,1024,512-1024,16,64,0.08416289,0.08420346,0.08362904,2.756981,2.757009,2.758085,2.772589,0.0002704247,0.0002434814
step3000,3000,K,u,head,1024,spike,16,64,0.1320733,0.1723407,0.08362904,2.654653,2.599248,2.758085,2.772589,0.002753444,0.005381676
step3000,3000,K,u,head,1024,32-64,16,64,0.1067379,0.09676741,0.08362904,2.721216,2.740846,2.758085,2.772589,0.002394689,0.003200167
step3000,3000,K,u,head,1024,64-128,16,64,0.09175606,0.09224031,0.08362904,2.74803,2.746962,2.758085,2.772589,0.001335065,0.001341212
step3000,3000,K,u,head,1024,128-256,16,64,0.08573587,0.08727015,0.08362904,2.754801,2.753258,2.758085,2.772589,0.0005214057,0.000384573
step3000,3000,K,u,head,1024,256-512,16,64,0.08427601,0.08402811,0.08362904,2.756668,2.757308,2.758085,2.772589,0.0002539632,0.0001780109
step3000,3000,K,u,head,1024,512-1024,16,64,0.08403096,0.08411355,0.08362904,2.757381,2.757207,2.758085,2.772589,0.0003024488,0.0002943904
step3000,3000,V,u,head,1024,spike,16,64,0.1751647,0.1322074,0.08362904,2.600249,2.695223,2.758085,2.772589,0.007316057,0.01289136
step3000,3000,V,u,head,1024,32-64,16,64,0.116041,0.1109498,0.08362904,2.710991,2.725629,2.758085,2.772589,0.002898907,0.005021895
step3000,3000,V,u,head,1024,64-128,16,64,0.09730685,0.1015444,0.08362904,2.741538,2.737625,2.758085,2.772589,0.001209044,0.00157285
step3000,3000,V,u,head,1024,128-256,16,64,0.0871513,0.09105616,0.08362904,2.75433,2.749876,2.758085,2.772589,0.0008368778,0.0006566988
step3000,3000,V,u,head,1024,256-512,16,64,0.08395803,0.08462904,0.08362904,2.757584,2.756847,2.758085,2.772589,0.0004126222,0.0001727521
step3000,3000,V,u,head,1024,512-1024,16,64,0.08445339,0.08423595,0.08362904,2.756819,2.756712,2.758085,2.772589,0.0004374128,0.0003016449
step3000,3000,O,v,head,1024,spike,16,64,0.2382099,0.2797301,0.08362904,2.425187,2.340468,2.758085,2.772589,0.007223521,0.02821559
step3000,3000,O,v,head,1024,32-64,16,64,0.1845089,0.1906525,0.08362904,2.550174,2.525649,2.758085,2.772589,0.004847434,0.01341414
step3000,3000,O,v,head,1024,64-128,16,64,0.1517398,0.1482265,0.08362904,2.624172,2.610109,2.758085,2.772589,0.004524906,0.008117421
step3000,3000,O,v,head,1024,128-256,16,64,0.1207684,0.1142039,0.08362904,2.695841,2.689886,2.758085,2.772589,0.0007110557,0.003009652
step3000,3000,O,v,head,1024,256-512,16,64,0.09266278,0.09060377,0.08362904,2.745086,2.745454,2.758085,2.772589,0.0003497517,0.0009911947
step3000,3000,O,v,head,1024,512-1024,16,64,0.08698561,0.08740434,0.08362904,2.751495,2.748369,2.758085,2.772589,0.0003001277,0.0004738371
step4000,4000,Q,u,head,1024,spike,16,64,0.1272439,0.1719049,0.08362904,2.662974,2.605044,2.758085,2.772589,0.001654668,0.002733288
step4000,4000,Q,u,head,1024,32-64,16,64,0.1186646,0.1059228,0.08362904,2.695375,2.724845,2.758085,2.772589,0.004687003,0.008247451
step4000,4000,Q,u,head,1024,64-128,16,64,0.1015389,0.09799369,0.08362904,2.732963,2.736419,2.758085,2.772589,0.002054524,0.002372733
step4000,4000,Q,u,head,1024,128-256,16,64,0.09020374,0.09051706,0.08362904,2.748761,2.747741,2.758085,2.772589,0.0004188084,0.000239428
step4000,4000,Q,u,head,1024,256-512,16,64,0.08585993,0.08505131,0.08362904,2.754403,2.755822,2.758085,2.772589,0.0001473497,0.0002732087
step4000,4000,Q,u,head,1024,512-1024,16,64,0.0845023,0.08445267,0.08362904,2.756781,2.756838,2.758085,2.772589,0.0002674535,0.0002006179
step4000,4000,K,u,head,1024,spike,16,64,0.1322837,0.196539,0.08362904,2.65106,2.547064,2.758085,2.772589,0.001735609,0.004980456
step4000,4000,K,u,head,1024,32-64,16,64,0.1116398,0.1007778,0.08362904,2.709393,2.734227,2.758085,2.772589,0.003359946,0.004265393
step4000,4000,K,u,head,1024,64-128,16,64,0.09704367,0.09480179,0.08362904,2.7405,2.742658,2.758085,2.772589,0.001581605,0.00188459
step4000,4000,K,u,head,1024,128-256,16,64,0.08886418,0.08866901,0.08362904,2.750678,2.750976,2.758085,2.772589,0.0002197155,0.0005994994
step4000,4000,K,u,head,1024,256-512,16,64,0.0855139,0.08443577,0.08362904,2.754964,2.756839,2.758085,2.772589,0.0001779655,0.000222107
step4000,4000,K,u,head,1024,512-1024,16,64,0.08436312,0.08421952,0.08362904,2.756898,2.757233,2.758085,2.772589,0.0003828342,0.0003525512
step4000,4000,V,u,head,1024,spike,16,64,0.1860784,0.1505627,0.08362904,2.564759,2.660976,2.758085,2.772589,0.006881551,0.01255553
step4000,4000,V,u,head,1024,32-64,16,64,0.1310323,0.1228761,0.08362904,2.680838,2.705409,2.758085,2.772589,0.003374815,0.00667413
step4000,4000,V,u,head,1024,64-128,16,64,0.1069476,0.1090568,0.08362904,2.726349,2.725349,2.758085,2.772589,0.001506072,0.002397015
step4000,4000,V,u,head,1024,128-256,16,64,0.09082284,0.09531372,0.08362904,2.750331,2.743557,2.758085,2.772589,0.001010653,0.001225831
step4000,4000,V,u,head,1024,256-512,16,64,0.08470773,0.08513236,0.08362904,2.756739,2.756113,2.758085,2.772589,0.0002396801,0.0002264727
step4000,4000,V,u,head,1024,512-1024,16,64,0.08473083,0.08472061,0.08362904,2.756234,2.756345,2.758085,2.772589,0.0003436454,0.0001803734
step4000,4000,O,v,head,1024,spike,16,64,0.2306728,0.2591886,0.08362904,2.434168,2.379612,2.758085,2.772589,0.01198808,0.04489965
step4000,4000,O,v,head,1024,32-64,16,64,0.1775302,0.1823053,0.08362904,2.562128,2.540328,2.758085,2.772589,0.004796004,0.007818821
step4000,4000,O,v,head,1024,64-128,16,64,0.1550831,0.1455194,0.08362904,2.617678,2.614867,2.758085,2.772589,0.003379964,0.007312361
step4000,4000,O,v,head,1024,128-256,16,64,0.1259967,0.1143562,0.08362904,2.683091,2.689681,2.758085,2.772589,0.001439962,0.002568257
step4000,4000,O,v,head,1024,256-512,16,64,0.09568257,0.09043742,0.08362904,2.740015,2.744989,2.758085,2.772589,0.0006429683,0.0013862
step4000,4000,O,v,head,1024,512-1024,16,64,0.08786588,0.08751258,0.08362904,2.750301,2.749269,2.758085,2.772589,0.0006155916,0.0002436681
step6000,6000,Q,u,head,1024,spike,16,64,0.1245462,0.1870513,0.08362904,2.669224,2.570589,2.758085,2.772589,0.001798716,0.003679714
step6000,6000,Q,u,head,1024,32-64,16,64,0.1198282,0.1079272,0.08362904,2.691493,2.718166,2.758085,2.772589,0.005027267,0.008456574
step6000,6000,Q,u,head,1024,64-128,16,64,0.1066456,0.09981147,0.08362904,2.722488,2.73157,2.758085,2.772589,0.003442094,0.004486867
step6000,6000,Q,u,head,1024,128-256,16,64,0.09615736,0.09134691,0.08362904,2.739236,2.744493,2.758085,2.772589,0.0005671558,0.001139858
step6000,6000,Q,u,head,1024,256-512,16,64,0.0881468,0.08542181,0.08362904,2.750448,2.75471,2.758085,2.772589,0.0005079309,0.0006656816
step6000,6000,Q,u,head,1024,512-1024,16,64,0.08520385,0.08438914,0.08362904,2.755807,2.75664,2.758085,2.772589,0.0002819797,0.0004487542
step6000,6000,K,u,head,1024,spike,16,64,0.131279,0.226851,0.08362904,2.649732,2.479717,2.758085,2.772589,0.001585891,0.005959998
step6000,6000,K,u,head,1024,32-64,16,64,0.1156593,0.1061649,0.08362904,2.697657,2.723324,2.758085,2.772589,0.004114696,0.005822231
step6000,6000,K,u,head,1024,64-128,16,64,0.1034116,0.09798562,0.08362904,2.728776,2.73498,2.758085,2.772589,0.0030095,0.003392024
step6000,6000,K,u,head,1024,128-256,16,64,0.09494628,0.09070973,0.08362904,2.740595,2.746664,2.758085,2.772589,0.0006078091,0.001092563
step6000,6000,K,u,head,1024,256-512,16,64,0.08737186,0.08489832,0.08362904,2.751168,2.755741,2.758085,2.772589,0.0004528332,0.0005434155
step6000,6000,K,u,head,1024,512-1024,16,64,0.0846641,0.08467512,0.08362904,2.75623,2.756554,2.758085,2.772589,0.0003149476,0.0003968896
step6000,6000,V,u,head,1024,spike,16,64,0.1875633,0.1756196,0.08362904,2.540823,2.605423,2.758085,2.772589,0.00453702,0.01068109
step6000,6000,V,u,head,1024,32-64,16,64,0.1474395,0.1370512,0.08362904,2.641895,2.673905,2.758085,2.772589,0.003099732,0.005045803
step6000,6000,V,u,head,1024,64-128,16,64,0.1215546,0.1179894,0.08362904,2.698705,2.704674,2.758085,2.772589,0.00236218,0.003718937
step6000,6000,V,u,head,1024,128-256,16,64,0.09936322,0.0993754,0.08362904,2.738218,2.734147,2.758085,2.772589,0.001238598,0.00162447
step6000,6000,V,u,head,1024,256-512,16,64,0.08637484,0.08653624,0.08362904,2.75454,2.754166,2.758085,2.772589,0.000530418,0.0003604201
step6000,6000,V,u,head,1024,512-1024,16,64,0.08553187,0.08525193,0.08362904,2.754801,2.755014,2.758085,2.772589,0.0003516637,0.0001218838
step6000,6000,O,v,head,1024,spike,16,64,0.221043,0.2382363,0.08362904,2.45344,2.442468,2.758085,2.772589,0.009180575,0.03080439
step6000,6000,O,v,head,1024,32-64,16,64,0.1666396,0.1713106,0.08362904,2.59171,2.575233,2.758085,2.772589,0.005424992,0.008058178
step6000,6000,O,v,head,1024,64-128,16,64,0.1510192,0.139273,0.08362904,2.630873,2.637791,2.758085,2.772589,0.003495448,0.006469746
step6000,6000,O,v,head,1024,128-256,16,64,0.1285269,0.1103939,0.08362904,2.679342,2.701,2.758085,2.772589,0.0006077532,0.002406692
step6000,6000,O,v,head,1024,256-512,16,64,0.09838969,0.08982354,0.08362904,2.734499,2.746393,2.758085,2.772589,0.000724908,0.001600944
step6000,6000,O,v,head,1024,512-1024,16,64,0.08809434,0.08652701,0.08362904,2.750156,2.751335,2.758085,2.772589,0.0004961589,0.0003865397
step8000,8000,Q,u,head,1024,spike,16,64,0.1224399,0.1932325,0.08362904,2.672809,2.555028,2.758085,2.772589,0.002107131,0.003242955
step8000,8000,Q,u,head,1024,32-64,16,64,0.1187215,0.1098434,0.08362904,2.691738,2.713784,2.758085,2.772589,0.005943877,0.008434733
step8000,8000,Q,u,head,1024,64-128,16,64,0.1083005,0.1011034,0.08362904,2.718567,2.727521,2.758085,2.772589,0.00351206,0.004044457
step8000,8000,Q,u,head,1024,128-256,16,64,0.1001561,0.09219415,0.08362904,2.731862,2.742432,2.758085,2.772589,0.001496572,0.001344646
step8000,8000,Q,u,head,1024,256-512,16,64,0.09091394,0.08607341,0.08362904,2.746293,2.753387,2.758085,2.772589,0.0006011999,0.0005637326
step8000,8000,Q,u,head,1024,512-1024,16,64,0.08565916,0.08450069,0.08362904,2.754924,2.756371,2.758085,2.772589,0.0003029842,0.0004381695
step8000,8000,K,u,head,1024,spike,16,64,0.130652,0.2399796,0.08362904,2.647997,2.447954,2.758085,2.772589,0.001214581,0.005450255
step8000,8000,K,u,head,1024,32-64,16,64,0.1171068,0.1091131,0.08362904,2.691587,2.715918,2.758085,2.772589,0.004188431,0.006350511
step8000,8000,K,u,head,1024,64-128,16,64,0.106877,0.1006694,0.08362904,2.721508,2.729635,2.758085,2.772589,0.003915968,0.00446904
step8000,8000,K,u,head,1024,128-256,16,64,0.09945361,0.09252868,0.08362904,2.731739,2.74343,2.758085,2.772589,0.001526895,0.001067364
step8000,8000,K,u,head,1024,256-512,16,64,0.08990223,0.08559764,0.08362904,2.746756,2.754315,2.758085,2.772589,0.0005313416,0.0009000929
step8000,8000,K,u,head,1024,512-1024,16,64,0.08549773,0.08438665,0.08362904,2.755453,2.756809,2.758085,2.772589,0.0004367374,0.0005155911
step8000,8000,V,u,head,1024,spike,16,64,0.1839659,0.1881467,0.08362904,2.538504,2.576246,2.758085,2.772589,0.004469046,0.01196988
step8000,8000,V,u,head,1024,32-64,16,64,0.1527658,0.1438473,0.08362904,2.627343,2.657304,2.758085,2.772589,0.002628556,0.004310422
step8000,8000,V,u,head,1024,64-128,16,64,0.1291371,0.1225747,0.08362904,2.682955,2.693014,2.758085,2.772589,0.002380533,0.003142257
step8000,8000,V,u,head,1024,128-256,16,64,0.1064998,0.1019153,0.08362904,2.72707,2.727713,2.758085,2.772589,0.001535995,0.001955435
step8000,8000,V,u,head,1024,256-512,16,64,0.08874872,0.08706539,0.08362904,2.75161,2.752793,2.758085,2.772589,0.0008979795,0.0008040196
step8000,8000,V,u,head,1024,512-1024,16,64,0.08635038,0.08586489,0.08362904,2.753646,2.754296,2.758085,2.772589,0.0003400586,0.0002930363
step8000,8000,O,v,head,1024,spike,16,64,0.20805,0.2220998,0.08362904,2.486602,2.491776,2.758085,2.772589,0.007691044,0.02693531
step8000,8000,O,v,head,1024,32-64,16,64,0.1583295,0.1622047,0.08362904,2.614531,2.605276,2.758085,2.772589,0.005597104,0.006262623
step8000,8000,O,v,head,1024,64-128,16,64,0.1460182,0.1324738,0.08362904,2.646066,2.658125,2.758085,2.772589,0.004645952,0.006521689
step8000,8000,O,v,head,1024,128-256,16,64,0.1264638,0.1073914,0.08362904,2.684097,2.7106,2.758085,2.772589,0.001391542,0.003290371
step8000,8000,O,v,head,1024,256-512,16,64,0.09999452,0.08941337,0.08362904,2.731698,2.748186,2.758085,2.772589,0.000356777,0.001256143
step8000,8000,O,v,head,1024,512-1024,16,64,0.08861798,0.08655517,0.08362904,2.750179,2.752144,2.758085,2.772589,0.0003778381,0.0004618995
step12000,12000,Q,u,head,1024,spike,16,64,0.1217679,0.2005236,0.08362904,2.671821,2.541813,2.758085,2.772589,0.001410095,0.005384926
step12000,12000,Q,u,head,1024,32-64,16,64,0.1187275,0.1139093,0.08362904,2.691222,2.705969,2.758085,2.772589,0.005047607,0.008056891
step12000,12000,Q,u,head,1024,64-128,16,64,0.1109766,0.1035724,0.08362904,2.713968,2.722314,2.758085,2.772589,0.003752849,0.004402774
step12000,12000,Q,u,head,1024,128-256,16,64,0.1042365,0.09357579,0.08362904,2.724376,2.739219,2.758085,2.772589,0.001221682,0.001698182
step12000,12000,Q,u,head,1024,256-512,16,64,0.09422292,0.08621843,0.08362904,2.74062,2.752495,2.758085,2.772589,0.0009150467,0.001431282
step12000,12000,Q,u,head,1024,512-1024,16,64,0.08603617,0.08458128,0.08362904,2.754422,2.756325,2.758085,2.772589,0.0002774924,0.0003739396
step12000,12000,K,u,head,1024,spike,16,64,0.1294789,0.2490136,0.08362904,2.645217,2.430708,2.758085,2.772589,0.001908612,0.005919765
step12000,12000,K,u,head,1024,32-64,16,64,0.1189191,0.1129012,0.08362904,2.685681,2.707308,2.758085,2.772589,0.005015255,0.009260013
step12000,12000,K,u,head,1024,64-128,16,64,0.1094745,0.1034023,0.08362904,2.715812,2.722949,2.758085,2.772589,0.004297419,0.004225653
step12000,12000,K,u,head,1024,128-256,16,64,0.1049345,0.09359903,0.08362904,2.721548,2.739539,2.758085,2.772589,0.001383745,0.0009480973
step12000,12000,K,u,head,1024,256-512,16,64,0.09364195,0.08648458,0.08362904,2.739067,2.752517,2.758085,2.772589,0.0007228017,0.001554631
step12000,12000,K,u,head,1024,512-1024,16,64,0.08597383,0.08493623,0.08362904,2.754456,2.756046,2.758085,2.772589,0.0002569002,0.0001170035
step12000,12000,V,u,head,1024,spike,16,64,0.1775164,0.1958535,0.08362904,2.542768,2.558963,2.758085,2.772589,0.00510902,0.01535198
step12000,12000,V,u,head,1024,32-64,16,64,0.1541448,0.1473845,0.08362904,2.623401,2.646509,2.758085,2.772589,0.002879941,0.004567383
step12000,12000,V,u,head,1024,64-128,16,64,0.1319128,0.1250059,0.08362904,2.675728,2.684847,2.758085,2.772589,0.002321245,0.002751873
step12000,12000,V,u,head,1024,128-256,16,64,0.1135782,0.1028985,0.08362904,2.71384,2.72362,2.758085,2.772589,0.002183383,0.002803977
step12000,12000,V,u,head,1024,256-512,16,64,0.09348138,0.08804429,0.08362904,2.745077,2.750852,2.758085,2.772589,0.001386331,0.00106473
step12000,12000,V,u,head,1024,512-1024,16,64,0.08656952,0.08553037,0.08362904,2.752721,2.754227,2.758085,2.772589,0.0004115252,0.0005317003
step12000,12000,O,v,head,1024,spike,16,64,0.1927486,0.1960571,0.08362904,2.518941,2.555513,2.758085,2.772589,0.009958002,0.03003432
step12000,12000,O,v,head,1024,32-64,16,64,0.1476833,0.1501515,0.08362904,2.642572,2.638835,2.758085,2.772589,0.004953677,0.008730489
step12000,12000,O,v,head,1024,64-128,16,64,0.1364602,0.1252036,0.08362904,2.669066,2.681754,2.758085,2.772589,0.004799301,0.00559074
step12000,12000,O,v,head,1024,128-256,16,64,0.1235956,0.1034618,0.08362904,2.693029,2.722489,2.758085,2.772589,0.001289126,0.003031605
step12000,12000,O,v,head,1024,256-512,16,64,0.1007322,0.08780114,0.08362904,2.730519,2.751101,2.758085,2.772589,0.001019404,0.001698995
step12000,12000,O,v,head,1024,512-1024,16,64,0.08819929,0.0857342,0.08362904,2.750983,2.75385,2.758085,2.772589,0.0004658951,0.0004409942
step16000,16000,Q,u,head,1024,spike,16,64,0.1240537,0.2093593,0.08362904,2.664328,2.520011,2.758085,2.772589,0.004128511,0.009766909
step16000,16000,Q,u,head,1024,32-64,16,64,0.1198914,0.1209006,0.08362904,2.689102,2.68961,2.758085,2.772589,0.00599567,0.009692357
step16000,16000,Q,u,head,1024,64-128,16,64,0.1128429,0.1068722,0.08362904,2.710468,2.714217,2.758085,2.772589,0.003308689,0.004025587
step16000,16000,Q,u,head,1024,128-256,16,64,0.107038,0.09453537,0.08362904,2.719444,2.735869,2.758085,2.772589,0.001636614,0.001504022
step16000,16000,Q,u,head,1024,256-512,16,64,0.09634136,0.08638082,0.08362904,2.736834,2.751438,2.758085,2.772589,0.001460019,0.001934464
step16000,16000,Q,u,head,1024,512-1024,16,64,0.08603468,0.08504215,0.08362904,2.754286,2.755356,2.758085,2.772589,0.0003789336,0.0005548897
step16000,16000,K,u,head,1024,spike,16,64,0.1298132,0.2431061,0.08362904,2.642043,2.440659,2.758085,2.772589,0.002525458,0.006205495
step16000,16000,K,u,head,1024,32-64,16,64,0.1205456,0.1160124,0.08362904,2.681695,2.702501,2.758085,2.772589,0.005675006,0.01071358
step16000,16000,K,u,head,1024,64-128,16,64,0.1115965,0.1050993,0.08362904,2.711392,2.7195,2.758085,2.772589,0.004467573,0.005085061
step16000,16000,K,u,head,1024,128-256,16,64,0.1072074,0.09476374,0.08362904,2.716242,2.737308,2.758085,2.772589,0.00208032,0.001400451
step16000,16000,K,u,head,1024,256-512,16,64,0.09554051,0.08671128,0.08362904,2.73433,2.751511,2.758085,2.772589,0.0008330871,0.002071245
step16000,16000,K,u,head,1024,512-1024,16,64,0.08588464,0.08504978,0.08362904,2.753954,2.755817,2.758085,2.772589,0.0003948147,0.0004137175
step16000,16000,V,u,head,1024,spike,16,64,0.1755232,0.1946055,0.08362904,2.542669,2.56017,2.758085,2.772589,0.006365528,0.01683928
step16000,16000,V,u,head,1024,32-64,16,64,0.1511545,0.1479358,0.08362904,2.626589,2.644562,2.758085,2.772589,0.003849817,0.006030525
step16000,16000,V,u,head,1024,64-128,16,64,0.1318279,0.1243875,0.08362904,2.675531,2.684234,2.758085,2.772589,0.002579173,0.002073083
step16000,16000,V,u,head,1024,128-256,16,64,0.1161145,0.103007,0.08362904,2.709243,2.722249,2.758085,2.772589,0.001928668,0.00206492
step16000,16000,V,u,head,1024,256-512,16,64,0.09671831,0.08793406,0.08362904,2.739485,2.750097,2.758085,2.772589,0.001427245,0.001265639
step16000,16000,V,u,head,1024,512-1024,16,64,0.08683141,0.08574083,0.08362904,2.752495,2.754109,2.758085,2.772589,0.0002146494,0.0005173681
step16000,16000,O,v,head,1024,spike,16,64,0.1856951,0.1834852,0.08362904,2.535363,2.585312,2.758085,2.772589,0.008725724,0.02788428
step16000,16000,O,v,head,1024,32-64,16,64,0.1422542,0.1444479,0.08362904,2.654716,2.654251,2.758085,2.772589,0.004755475,0.00871301
step16000,16000,O,v,head,1024,64-128,16,64,0.1319232,0.1219614,0.08362904,2.679871,2.691825,2.758085,2.772589,0.003781263,0.003317125
step16000,16000,O,v,head,1024,128-256,16,64,0.1205085,0.1012166,0.08362904,2.699228,2.727575,2.758085,2.772589,0.001887517,0.003224703
step16000,16000,O,v,head,1024,256-512,16,64,0.1011497,0.0874268,0.08362904,2.729839,2.751597,2.758085,2.772589,0.0002897804,0.001657096
step16000,16000,O,v,head,1024,512-1024,16,64,0.08797659,0.08542237,0.08362904,2.75111,2.754486,2.758085,2.772589,0.0003754416,0.0006272824
step24000,24000,Q,u,head,1024,spike,16,64,0.1286448,0.2258496,0.08362904,2.646932,2.47667,2.758085,2.772589,0.003748992,0.01149476
step24000,24000,Q,u,head,1024,32-64,16,64,0.1240778,0.1312643,0.08362904,2.680973,2.660779,2.758085,2.772589,0.007216537,0.01250533
step24000,24000,Q,u,head,1024,64-128,16,64,0.1164301,0.1131345,0.08362904,2.704033,2.696512,2.758085,2.772589,0.003835647,0.005407447
step24000,24000,Q,u,head,1024,128-256,16,64,0.1095371,0.09702882,0.08362904,2.714423,2.728909,2.758085,2.772589,0.000981283,0.0009707535
step24000,24000,Q,u,head,1024,256-512,16,64,0.09807348,0.08709,0.08362904,2.732897,2.74969,2.758085,2.772589,0.001586864,0.001790733
step24000,24000,Q,u,head,1024,512-1024,16,64,0.08689683,0.08553936,0.08362904,2.753028,2.754142,2.758085,2.772589,0.0003792772,0.0005198186
step24000,24000,K,u,head,1024,spike,16,64,0.1306932,0.2247423,0.08362904,2.635867,2.481959,2.758085,2.772589,0.002181905,0.006622618
step24000,24000,K,u,head,1024,32-64,16,64,0.1230272,0.1189872,0.08362904,2.674096,2.695626,2.758085,2.772589,0.007163162,0.01308414
step24000,24000,K,u,head,1024,64-128,16,64,0.114183,0.1071357,0.08362904,2.705836,2.714698,2.758085,2.772589,0.004383641,0.004840879
step24000,24000,K,u,head,1024,128-256,16,64,0.1103484,0.09560526,0.08362904,2.709283,2.734436,2.758085,2.772589,0.002356164,0.000856426
step24000,24000,K,u,head,1024,256-512,16,64,0.09805719,0.08753973,0.08362904,2.72888,2.750037,2.758085,2.772589,0.001090224,0.001900269
step24000,24000,K,u,head,1024,512-1024,16,64,0.08700681,0.08518384,0.08362904,2.752522,2.755374,2.758085,2.772589,0.0002496644,0.0003637314
step24000,24000,V,u,head,1024,spike,16,64,0.1712615,0.1872135,0.08362904,2.545392,2.573087,2.758085,2.772589,0.005134871,0.01629516
step24000,24000,V,u,head,1024,32-64,16,64,0.1467895,0.1432708,0.08362904,2.632067,2.652413,2.758085,2.772589,0.00557999,0.007037899
step24000,24000,V,u,head,1024,64-128,16,64,0.1297302,0.122141,0.08362904,2.680172,2.687385,2.758085,2.772589,0.002845137,0.001636826
step24000,24000,V,u,head,1024,128-256,16,64,0.118556,0.1017682,0.08362904,2.705662,2.723647,2.758085,2.772589,0.002712779,0.002408412
step24000,24000,V,u,head,1024,256-512,16,64,0.09929595,0.08773229,0.08362904,2.734348,2.749756,2.758085,2.772589,0.001582865,0.001280802
step24000,24000,V,u,head,1024,512-1024,16,64,0.08702659,0.08564539,0.08362904,2.752316,2.754482,2.758085,2.772589,0.0004405812,0.00056813
step24000,24000,O,v,head,1024,spike,16,64,0.1791546,0.169569,0.08362904,2.549635,2.614747,2.758085,2.772589,0.00849485,0.02574598
step24000,24000,O,v,head,1024,32-64,16,64,0.1364553,0.1373063,0.08362904,2.667417,2.670538,2.758085,2.772589,0.003571974,0.009519931
step24000,24000,O,v,head,1024,64-128,16,64,0.1256787,0.1178051,0.08362904,2.692121,2.701799,2.758085,2.772589,0.004120894,0.004180685
step24000,24000,O,v,head,1024,128-256,16,64,0.1171883,0.09889709,0.08362904,2.706199,2.732016,2.758085,2.772589,0.002945354,0.004044417
step24000,24000,O,v,head,1024,256-512,16,64,0.1012506,0.08698603,0.08362904,2.729312,2.752197,2.758085,2.772589,0.001074895,0.001926736
step24000,24000,O,v,head,1024,512-1024,16,64,0.08814546,0.08523861,0.08362904,2.751206,2.755141,2.758085,2.772589,0.0007690828,0.0007818688
step32000,32000,Q,u,head,1024,spike,16,64,0.1345465,0.2455963,0.08362904,2.628641,2.413227,2.758085,2.772589,0.002855594,0.009322135
step32000,32000,Q,u,head,1024,32-64,16,64,0.1303865,0.1470599,0.08362904,2.668099,2.617236,2.758085,2.772589,0.006894178,0.01237701
step32000,32000,Q,u,head,1024,64-128,16,64,0.1218357,0.1195253,0.08362904,2.694591,2.673673,2.758085,2.772589,0.004303263,0.006289931
step32000,32000,Q,u,head,1024,128-256,16,64,0.1123714,0.1005831,0.08362904,2.708347,2.716771,2.758085,2.772589,0.001936168,0.002331729
step32000,32000,Q,u,head,1024,256-512,16,64,0.09881297,0.08872234,0.08362904,2.731165,2.745507,2.758085,2.772589,0.0009363361,0.001260886
step32000,32000,Q,u,head,1024,512-1024,16,64,0.087183,0.08633648,0.08362904,2.752174,2.75196,2.758085,2.772589,0.0001640289,0.0006108585
step32000,32000,K,u,head,1024,spike,16,64,0.1325035,0.2178075,0.08362904,2.629652,2.499703,2.758085,2.772589,0.002228671,0.006938817
step32000,32000,K,u,head,1024,32-64,16,64,0.1257991,0.120641,0.08362904,2.668346,2.692066,2.758085,2.772589,0.007215652,0.01338344
step32000,32000,K,u,head,1024,64-128,16,64,0.116327,0.1084637,0.08362904,2.70084,2.711336,2.758085,2.772589,0.004903387,0.00673268
step32000,32000,K,u,head,1024,128-256,16,64,0.1125281,0.09646089,0.08362904,2.705047,2.731919,2.758085,2.772589,0.002288587,0.001157055
step32000,32000,K,u,head,1024,256-512,16,64,0.09916652,0.08775416,0.08362904,2.725598,2.749246,2.758085,2.772589,0.0005089996,0.001655613
step32000,32000,K,u,head,1024,512-1024,16,64,0.0872016,0.08542101,0.08362904,2.751785,2.755014,2.758085,2.772589,0.0002930322,0.0007932116
step32000,32000,V,u,head,1024,spike,16,64,0.1691007,0.1809687,0.08362904,2.546663,2.586803,2.758085,2.772589,0.004466226,0.014833
step32000,32000,V,u,head,1024,32-64,16,64,0.14321,0.1405883,0.08362904,2.637871,2.658618,2.758085,2.772589,0.005416504,0.006062111
step32000,32000,V,u,head,1024,64-128,16,64,0.1275831,0.1201998,0.08362904,2.685366,2.691993,2.758085,2.772589,0.002414432,0.002564352
step32000,32000,V,u,head,1024,128-256,16,64,0.1184893,0.1011017,0.08362904,2.705693,2.724867,2.758085,2.772589,0.003782605,0.00361148
step32000,32000,V,u,head,1024,256-512,16,64,0.100537,0.08779541,0.08362904,2.731665,2.749353,2.758085,2.772589,0.0008559854,0.0002821603
step32000,32000,V,u,head,1024,512-1024,16,64,0.08743126,0.08537681,0.08362904,2.752252,2.754622,2.758085,2.772589,0.0006051915,0.0008122013
step32000,32000,O,v,head,1024,spike,16,64,0.1763098,0.1622265,0.08362904,2.555553,2.629376,2.758085,2.772589,0.007463742,0.02229893
step32000,32000,O,v,head,1024,32-64,16,64,0.1312009,0.1336519,0.08362904,2.674879,2.676825,2.758085,2.772589,0.003737408,0.008672433
step32000,32000,O,v,head,1024,64-128,16,64,0.1220867,0.1145661,0.08362904,2.698081,2.70652,2.758085,2.772589,0.00246233,0.00208856
step32000,32000,O,v,head,1024,128-256,16,64,0.1152037,0.09821189,0.08362904,2.709449,2.732594,2.758085,2.772589,0.003061405,0.005084195
step32000,32000,O,v,head,1024,256-512,16,64,0.1017458,0.08693839,0.08362904,2.728762,2.751737,2.758085,2.772589,0.001549035,0.002929211
step32000,32000,O,v,head,1024,512-1024,16,64,0.08800862,0.08496024,0.08362904,2.751062,2.755313,2.758085,2.772589,0.0005327779,0.0008618799
step48000,48000,Q,u,head,1024,spike,16,64,0.1502341,0.2800418,0.08362904,2.585859,2.315258,2.758085,2.772589,0.009479655,0.01784512
step48000,48000,Q,u,head,1024,32-64,16,64,0.1447266,0.1649054,0.08362904,2.638549,2.561348,2.758085,2.772589,0.01104596,0.01712027
step48000,48000,Q,u,head,1024,64-128,16,64,0.1326485,0.1308812,0.08362904,2.671711,2.633561,2.758085,2.772589,0.00946841,0.01279772
step48000,48000,Q,u,head,1024,128-256,16,64,0.1174869,0.1054812,0.08362904,2.695713,2.69639,2.758085,2.772589,0.002108913,0.002854856
step48000,48000,Q,u,head,1024,256-512,16,64,0.1011924,0.09073478,0.08362904,2.726125,2.739444,2.758085,2.772589,0.001150662,0.001657162
step48000,48000,Q,u,head,1024,512-1024,16,64,0.08829337,0.08766741,0.08362904,2.75031,2.748878,2.758085,2.772589,0.0003834806,0.0006954246
step48000,48000,K,u,head,1024,spike,16,64,0.1339337,0.2101233,0.08362904,2.620799,2.511078,2.758085,2.772589,0.001858523,0.007323047
step48000,48000,K,u,head,1024,32-64,16,64,0.1290851,0.1237157,0.08362904,2.660531,2.684591,2.758085,2.772589,0.006658437,0.01397141
step48000,48000,K,u,head,1024,64-128,16,64,0.1201229,0.1110007,0.08362904,2.693293,2.705932,2.758085,2.772589,0.004318483,0.006845082
step48000,48000,K,u,head,1024,128-256,16,64,0.115227,0.09816403,0.08362904,2.698419,2.728117,2.758085,2.772589,0.002164968,0.001827769
step48000,48000,K,u,head,1024,256-512,16,64,0.1003941,0.088478,0.08362904,2.722181,2.746959,2.758085,2.772589,0.001528444,0.002906837
step48000,48000,K,u,head,1024,512-1024,16,64,0.08781917,0.08586056,0.08362904,2.750461,2.75445,2.758085,2.772589,0.000376633,0.0005652852
step48000,48000,V,u,head,1024,spike,16,64,0.1710045,0.1723392,0.08362904,2.538802,2.600864,2.758085,2.772589,0.004272522,0.01221334
step48000,48000,V,u,head,1024,32-64,16,64,0.1382752,0.1352632,0.08362904,2.644065,2.666838,2.758085,2.772589,0.007601051,0.00976093
step48000,48000,V,u,head,1024,64-128,16,64,0.1236847,0.117351,0.08362904,2.689622,2.696246,2.758085,2.772589,0.003942702,0.004656146
step48000,48000,V,u,head,1024,128-256,16,64,0.1155375,0.09955824,0.08362904,2.708191,2.726504,2.758085,2.772589,0.003368098,0.003340985
step48000,48000,V,u,head,1024,256-512,16,64,0.1012314,0.0874764,0.08362904,2.729901,2.749459,2.758085,2.772589,0.001310503,0.0006166239
step48000,48000,V,u,head,1024,512-1024,16,64,0.08792436,0.08522296,0.08362904,2.751758,2.755075,2.758085,2.772589,0.001269974,0.001125198
step48000,48000,O,v,head,1024,spike,16,64,0.1778716,0.1573608,0.08362904,2.554777,2.634564,2.758085,2.772589,0.005929055,0.01833734
step48000,48000,O,v,head,1024,32-64,16,64,0.1294831,0.1313348,0.08362904,2.676042,2.678844,2.758085,2.772589,0.004502702,0.005365311
step48000,48000,O,v,head,1024,64-128,16,64,0.1204347,0.1142272,0.08362904,2.699759,2.706009,2.758085,2.772589,0.004185852,0.005075487
step48000,48000,O,v,head,1024,128-256,16,64,0.1128269,0.09793563,0.08362904,2.71145,2.732138,2.758085,2.772589,0.002308706,0.003176566
step48000,48000,O,v,head,1024,256-512,16,64,0.1030121,0.08699933,0.08362904,2.726995,2.751441,2.758085,2.772589,0.002359426,0.00329027
step48000,48000,O,v,head,1024,512-1024,16,64,0.08813666,0.08511206,0.08362904,2.751171,2.755365,2.758085,2.772589,0.000291045,0.0008842729
step64000,64000,Q,u,head,1024,spike,16,64,0.1663035,0.3438313,0.08362904,2.544109,2.125048,2.758085,2.772589,0.006331591,0.01666975
step64000,64000,Q,u,head,1024,32-64,16,64,0.1543493,0.1967711,0.08362904,2.615117,2.470681,2.758085,2.772589,0.01669009,0.03178975
step64000,64000,Q,u,head,1024,64-128,16,64,0.1433563,0.138685,0.08362904,2.649798,2.608274,2.758085,2.772589,0.01500686,0.02431557
step64000,64000,Q,u,head,1024,128-256,16,64,0.1212522,0.1099839,0.08362904,2.684391,2.678941,2.758085,2.772589,0.002086924,0.003506407
step64000,64000,Q,u,head,1024,256-512,16,64,0.102431,0.09344815,0.08362904,2.721406,2.728757,2.758085,2.772589,0.0007826526,0.0008617435
step64000,64000,Q,u,head,1024,512-1024,16,64,0.08929272,0.08910626,0.08362904,2.748384,2.744639,2.758085,2.772589,0.0009486084,0.001160901
step64000,64000,K,u,head,1024,spike,16,64,0.1371409,0.2143973,0.08362904,2.612134,2.494422,2.758085,2.772589,0.002755732,0.007965483
step64000,64000,K,u,head,1024,32-64,16,64,0.1324743,0.1267451,0.08362904,2.653098,2.676597,2.758085,2.772589,0.005774799,0.01189056
step64000,64000,K,u,head,1024,64-128,16,64,0.1210758,0.1124285,0.08362904,2.688743,2.701258,2.758085,2.772589,0.004551912,0.006734113
step64000,64000,K,u,head,1024,128-256,16,64,0.1163313,0.09973076,0.08362904,2.694972,2.724912,2.758085,2.772589,0.001771473,0.001813586
step64000,64000,K,u,head,1024,256-512,16,64,0.101542,0.08952549,0.08362904,2.71965,2.745223,2.758085,2.772589,0.0009000927,0.002193318
step64000,64000,K,u,head,1024,512-1024,16,64,0.08839986,0.08600631,0.08362904,2.749477,2.75407,2.758085,2.772589,0.0007738734,0.0007967393
step64000,64000,V,u,head,1024,spike,16,64,0.1759246,0.1731901,0.08362904,2.530422,2.595309,2.758085,2.772589,0.004652043,0.01231453
step64000,64000,V,u,head,1024,32-64,16,64,0.138851,0.1355685,0.08362904,2.640024,2.662541,2.758085,2.772589,0.007640281,0.008402586
step64000,64000,V,u,head,1024,64-128,16,64,0.1244117,0.1184267,0.08362904,2.684576,2.692012,2.758085,2.772589,0.003860111,0.006203068
step64000,64000,V,u,head,1024,128-256,16,64,0.1138638,0.1006717,0.08362904,2.707304,2.72307,2.758085,2.772589,0.001964596,0.002356702
step64000,64000,V,u,head,1024,256-512,16,64,0.1022508,0.0881059,0.08362904,2.727466,2.747652,2.758085,2.772589,0.001631607,0.001024594
step64000,64000,V,u,head,1024,512-1024,16,64,0.08877409,0.08551319,0.08362904,2.750955,2.754629,2.758085,2.772589,0.00147807,0.001171557
step64000,64000,O,v,head,1024,spike,16,64,0.182373,0.1622894,0.08362904,2.544008,2.620494,2.758085,2.772589,0.005120389,0.0161995
step64000,64000,O,v,head,1024,32-64,16,64,0.1323949,0.1344632,0.08362904,2.667535,2.667003,2.758085,2.772589,0.003144919,0.004636254
step64000,64000,O,v,head,1024,64-128,16,64,0.1219133,0.1167205,0.08362904,2.693344,2.697279,2.758085,2.772589,0.004398579,0.007831412
step64000,64000,O,v,head,1024,128-256,16,64,0.1121932,0.09938241,0.08362904,2.707652,2.726763,2.758085,2.772589,0.002138323,0.003889102
step64000,64000,O,v,head,1024,256-512,16,64,0.1044984,0.08771022,0.08362904,2.723237,2.748772,2.758085,2.772589,0.001905612,0.002657772
step64000,64000,O,v,head,1024,512-1024,16,64,0.08930901,0.08543813,0.08362904,2.749625,2.754875,2.758085,2.772589,0.0004816085,0.000650046
step96000,96000,Q,u,head,1024,spike,16,64,0.1772341,0.3596276,0.08362904,2.517852,2.071555,2.758085,2.772589,0.030338,0.08746608
step96000,96000,Q,u,head,1024,32-64,16,64,0.1653751,0.2095848,0.08362904,2.590226,2.417997,2.758085,2.772589,0.0240756,0.05413104
step96000,96000,Q,u,head,1024,64-128,16,64,0.1502929,0.1482784,0.08362904,2.634214,2.574854,2.758085,2.772589,0.02057569,0.04452274
step96000,96000,Q,u,head,1024,128-256,16,64,0.1188324,0.1122714,0.08362904,2.686787,2.673085,2.758085,2.772589,0.009991068,0.0254398
step96000,96000,Q,u,head,1024,256-512,16,64,0.1010254,0.09435975,0.08362904,2.722213,2.726807,2.758085,2.772589,0.006682764,0.01461594
step96000,96000,Q,u,head,1024,512-1024,16,64,0.09000652,0.08987637,0.08362904,2.746729,2.741837,2.758085,2.772589,0.002388338,0.0044429
step96000,96000,K,u,head,1024,spike,16,64,0.140587,0.2286646,0.08362904,2.606811,2.462752,2.758085,2.772589,0.00643649,0.02745577
step96000,96000,K,u,head,1024,32-64,16,64,0.1352088,0.1288538,0.08362904,2.649454,2.672215,2.758085,2.772589,0.008496421,0.02246071
step96000,96000,K,u,head,1024,64-128,16,64,0.1217488,0.1129134,0.08362904,2.688601,2.700306,2.758085,2.772589,0.007527219,0.01752363
step96000,96000,K,u,head,1024,128-256,16,64,0.1152436,0.1001172,0.08362904,2.697185,2.723618,2.758085,2.772589,0.01024534,0.02146222
step96000,96000,K,u,head,1024,256-512,16,64,0.09977652,0.09044544,0.08362904,2.722367,2.743701,2.758085,2.772589,0.007087924,0.01542391
step96000,96000,K,u,head,1024,512-1024,16,64,0.08861054,0.0862218,0.08362904,2.748968,2.753528,2.758085,2.772589,0.002112315,0.003741505
step96000,96000,V,u,head,1024,spike,16,64,0.1817335,0.1731127,0.08362904,2.526778,2.595042,2.758085,2.772589,0.01887629,0.05780333
step96000,96000,V,u,head,1024,32-64,16,64,0.138991,0.136023,0.08362904,2.643153,2.661465,2.758085,2.772589,0.01725923,0.03945281
step96000,96000,V,u,head,1024,64-128,16,64,0.1228246,0.1172405,0.08362904,2.687807,2.692712,2.758085,2.772589,0.01332395,0.02793548
step96000,96000,V,u,head,1024,128-256,16,64,0.1117241,0.100028,0.08362904,2.710251,2.723256,2.758085,2.772589,0.01114898,0.02146599
step96000,96000,V,u,head,1024,256-512,16,64,0.09947818,0.08827603,0.08362904,2.731113,2.747601,2.758085,2.772589,0.00792284,0.01327603
step96000,96000,V,u,head,1024,512-1024,16,64,0.08833703,0.08552492,0.08362904,2.750888,2.754683,2.758085,2.772589,0.002114083,0.002962684
step96000,96000,O,v,head,1024,spike,16,64,0.1963816,0.1831915,0.08362904,2.504793,2.571988,2.758085,2.772589,0.004310264,0.01707216
step96000,96000,O,v,head,1024,32-64,16,64,0.146096,0.1469461,0.08362904,2.634452,2.635763,2.758085,2.772589,0.002745531,0.007035735
step96000,96000,O,v,head,1024,64-128,16,64,0.1307677,0.123839,0.08362904,2.671366,2.675846,2.758085,2.772589,0.002946067,0.004976918
step96000,96000,O,v,head,1024,128-256,16,64,0.116887,0.1031803,0.08362904,2.694117,2.714948,2.758085,2.772589,0.002941166,0.007558647
step96000,96000,O,v,head,1024,256-512,16,64,0.105396,0.08866396,0.08362904,2.719244,2.745388,2.758085,2.772589,0.00330838,0.005945365
step96000,96000,O,v,head,1024,512-1024,16,64,0.08957671,0.0860717,0.08362904,2.748501,2.753252,2.758085,2.772589,0.001458017,0.002401549
step128000,128000,Q,u,head,1024,spike,16,64,0.1727834,0.3225942,0.08362904,2.531643,2.152445,2.758085,2.772589,0.04291548,0.128375
step128000,128000,Q,u,head,1024,32-64,16,64,0.1558339,0.1925882,0.08362904,2.611304,2.450152,2.758085,2.772589,0.04600195,0.09868095
step128000,128000,Q,u,head,1024,64-128,16,64,0.1403573,0.143399,0.08362904,2.652316,2.580491,2.758085,2.772589,0.03738579,0.07275814
step128000,128000,Q,u,head,1024,128-256,16,64,0.1131652,0.1113293,0.08362904,2.69885,2.671618,2.758085,2.772589,0.01829971,0.03890613
step128000,128000,Q,u,head,1024,256-512,16,64,0.09808484,0.09454516,0.08362904,2.728264,2.723472,2.758085,2.772589,0.01004638,0.02093914
step128000,128000,Q,u,head,1024,512-1024,16,64,0.08871072,0.09024587,0.08362904,2.748232,2.740909,2.758085,2.772589,0.003454631,0.006708996
step128000,128000,K,u,head,1024,spike,16,64,0.1394572,0.2069692,0.08362904,2.618973,2.502282,2.758085,2.772589,0.01419759,0.05563994
step128000,128000,K,u,head,1024,32-64,16,64,0.1284369,0.124317,0.08362904,2.662515,2.680031,2.758085,2.772589,0.02536591,0.05620572
step128000,128000,K,u,head,1024,64-128,16,64,0.1170638,0.1109671,0.08362904,2.695688,2.703095,2.758085,2.772589,0.01928333,0.03738725
step128000,128000,K,u,head,1024,128-256,16,64,0.1102216,0.09932667,0.08362904,2.705823,2.725845,2.758085,2.772589,0.01663258,0.03352114
step128000,128000,K,u,head,1024,256-512,16,64,0.09738129,0.09028438,0.08362904,2.72801,2.744054,2.758085,2.772589,0.009202985,0.02073562
step128000,128000,K,u,head,1024,512-1024,16,64,0.08809047,0.08581363,0.08362904,2.750189,2.753962,2.758085,2.772589,0.003267967,0.005505749
step128000,128000,V,u,head,1024,spike,16,64,0.1693078,0.1561391,0.08362904,2.553586,2.620829,2.758085,2.772589,0.04877625,0.1246329
step128000,128000,V,u,head,1024,32-64,16,64,0.1273348,0.1260364,0.08362904,2.662933,2.675112,2.758085,2.772589,0.02730337,0.06318096
step128000,128000,V,u,head,1024,64-128,16,64,0.1163195,0.1122359,0.08362904,2.696603,2.700184,2.758085,2.772589,0.02029673,0.04179303
step128000,128000,V,u,head,1024,128-256,16,64,0.1067677,0.09778486,0.08362904,2.717305,2.726803,2.758085,2.772589,0.01605317,0.0298715
step128000,128000,V,u,head,1024,256-512,16,64,0.0959225,0.08736037,0.08362904,2.736051,2.748496,2.758085,2.772589,0.009221636,0.01679463
step128000,128000,V,u,head,1024,512-1024,16,64,0.08816232,0.08525386,0.08362904,2.751581,2.755119,2.758085,2.772589,0.003010801,0.004412213
step128000,128000,O,v,head,1024,spike,16,64,0.2254927,0.2119384,0.08362904,2.43461,2.500928,2.758085,2.772589,0.05680585,0.1225813
step128000,128000,O,v,head,1024,32-64,16,64,0.1579364,0.1623601,0.08362904,2.60349,2.598986,2.758085,2.772589,0.01629967,0.03286857
step128000,128000,O,v,head,1024,64-128,16,64,0.1331079,0.129321,0.08362904,2.661444,2.661057,2.758085,2.772589,0.009238224,0.02376009
step128000,128000,O,v,head,1024,128-256,16,64,0.1152219,0.1043852,0.08362904,2.69455,2.70979,2.758085,2.772589,0.01374915,0.03252917
step128000,128000,O,v,head,1024,256-512,16,64,0.1016586,0.08928332,0.08362904,2.721502,2.742289,2.758085,2.772589,0.009931202,0.02017638
step128000,128000,O,v,head,1024,512-1024,16,64,0.08937158,0.08681738,0.08362904,2.747227,2.751228,2.758085,2.772589,0.003318925,0.005283893
step143000,143000,Q,u,head,1024,spike,16,64,0.1751666,0.3382392,0.08362904,2.524045,2.117913,2.758085,2.772589,0.04165954,0.1256228
step143000,143000,Q,u,head,1024,32-64,16,64,0.1612532,0.1996769,0.08362904,2.601179,2.432834,2.758085,2.772589,0.03920109,0.09008637
step143000,143000,Q,u,head,1024,64-128,16,64,0.1426348,0.1468146,0.08362904,2.647714,2.57005,2.758085,2.772589,0.03552101,0.07243225
step143000,143000,Q,u,head,1024,128-256,16,64,0.1139754,0.1134409,0.08362904,2.696899,2.665777,2.758085,2.772589,0.01788071,0.03870308
step143000,143000,Q,u,head,1024,256-512,16,64,0.09862591,0.09470264,0.08362904,2.727134,2.721272,2.758085,2.772589,0.01009553,0.02093656
step143000,143000,Q,u,head,1024,512-1024,16,64,0.08943696,0.09145318,0.08362904,2.747293,2.738758,2.758085,2.772589,0.003617526,0.007008632
step143000,143000,K,u,head,1024,spike,16,64,0.1449847,0.2219495,0.08362904,2.604885,2.468945,2.758085,2.772589,0.0108954,0.04298097
step143000,143000,K,u,head,1024,32-64,16,64,0.1320853,0.1277147,0.08362904,2.656965,2.67251,2.758085,2.772589,0.02006575,0.04935275
step143000,143000,K,u,head,1024,64-128,16,64,0.1186881,0.112746,0.08362904,2.693143,2.700183,2.758085,2.772589,0.01865822,0.03722528
step143000,143000,K,u,head,1024,128-256,16,64,0.1106145,0.1001807,0.08362904,2.704492,2.723395,2.758085,2.772589,0.0157673,0.03300995
step143000,143000,K,u,head,1024,256-512,16,64,0.09790875,0.0910058,0.08362904,2.726881,2.742528,2.758085,2.772589,0.008829364,0.02016711
step143000,143000,K,u,head,1024,512-1024,16,64,0.08805264,0.08633132,0.08362904,2.749822,2.753661,2.758085,2.772589,0.003007955,0.005456781
step143000,143000,V,u,head,1024,spike,16,64,0.1726543,0.1580771,0.08362904,2.54685,2.615938,2.758085,2.772589,0.04757342,0.1252673
step143000,143000,V,u,head,1024,32-64,16,64,0.1288951,0.1269962,0.08362904,2.660566,2.673239,2.758085,2.772589,0.02639466,0.06285339
step143000,143000,V,u,head,1024,64-128,16,64,0.1169661,0.1122998,0.08362904,2.695022,2.698743,2.758085,2.772589,0.0200334,0.04190716
step143000,143000,V,u,head,1024,128-256,16,64,0.1072595,0.09807723,0.08362904,2.715903,2.725921,2.758085,2.772589,0.01595419,0.03015307
step143000,143000,V,u,head,1024,256-512,16,64,0.09650263,0.08761204,0.08362904,2.735318,2.748091,2.758085,2.772589,0.009164227,0.01687425
step143000,143000,V,u,head,1024,512-1024,16,64,0.08796197,0.08536299,0.08362904,2.751507,2.754865,2.758085,2.772589,0.002960523,0.004295976
step143000,143000,O,v,head,1024,spike,16,64,0.2205619,0.2265017,0.08362904,2.446643,2.45922,2.758085,2.772589,0.0442643,0.08586633
step143000,143000,O,v,head,1024,32-64,16,64,0.1675782,0.1727634,0.08362904,2.583287,2.571816,2.758085,2.772589,0.028628,0.05397828
step143000,143000,O,v,head,1024,64-128,16,64,0.1449521,0.134463,0.08362904,2.637403,2.645227,2.758085,2.772589,0.0142054,0.02865276
step143000,143000,O,v,head,1024,128-256,16,64,0.1214078,0.1072551,0.08362904,2.681093,2.700542,2.758085,2.772589,0.004183555,0.01862433
step143000,143000,O,v,head,1024,256-512,16,64,0.1036218,0.09043701,0.08362904,2.716655,2.738886,2.758085,2.772589,0.007289101,0.0177281
step143000,143000,O,v,head,1024,512-1024,16,64,0.09026495,0.08720348,0.08362904,2.744953,2.74926,2.758085,2.772589,0.002518306,0.004686448
