rev,step,M,side,class,n,band,H,DH,headmax_trained,headmax_null,headmax_haar_mc,ent_trained,ent_null,ent_haar_mc,ent_max_logH
step0,0,Q,u,head,1024,spike,16,64,0.08367601,0.08425831,0.08362904,2.757649,2.757432,2.758085,2.772589
step0,0,Q,u,head,1024,32-64,16,64,0.08370982,0.08355827,0.08362904,2.757909,2.757707,2.758085,2.772589
step0,0,Q,u,head,1024,64-128,16,64,0.08384836,0.08334906,0.08362904,2.757872,2.758096,2.758085,2.772589
step0,0,Q,u,head,1024,128-256,16,64,0.08361352,0.08384735,0.08362904,2.758156,2.757746,2.758085,2.772589
step0,0,Q,u,head,1024,256-512,16,64,0.08303258,0.08348869,0.08362904,2.758046,2.758332,2.758085,2.772589
step0,0,Q,u,head,1024,512-1024,16,64,0.08322322,0.08319664,0.08362904,2.758092,2.758626,2.758085,2.772589
step0,0,K,u,head,1024,spike,16,64,0.08321537,0.08355755,0.08362904,2.758455,2.757715,2.758085,2.772589
step0,0,K,u,head,1024,32-64,16,64,0.08325815,0.0833922,0.08362904,2.758392,2.758098,2.758085,2.772589
step0,0,K,u,head,1024,64-128,16,64,0.08372695,0.08379785,0.08362904,2.75783,2.757884,2.758085,2.772589
step0,0,K,u,head,1024,128-256,16,64,0.08305862,0.08304844,0.08362904,2.758362,2.758546,2.758085,2.772589
step0,0,K,u,head,1024,256-512,16,64,0.08341662,0.08374325,0.08362904,2.758039,2.757931,2.758085,2.772589
step0,0,K,u,head,1024,512-1024,16,64,0.08367697,0.08395851,0.08362904,2.757717,2.757807,2.758085,2.772589
step0,0,V,u,head,1024,spike,16,64,0.08348438,0.0835082,0.08362904,2.757695,2.757815,2.758085,2.772589
step0,0,V,u,head,1024,32-64,16,64,0.08321595,0.08366001,0.08362904,2.758055,2.758196,2.758085,2.772589
step0,0,V,u,head,1024,64-128,16,64,0.08380867,0.08394624,0.08362904,2.758125,2.757707,2.758085,2.772589
step0,0,V,u,head,1024,128-256,16,64,0.08381233,0.08308516,0.08362904,2.757832,2.758035,2.758085,2.772589
step0,0,V,u,head,1024,256-512,16,64,0.08396749,0.08356158,0.08362904,2.757473,2.758364,2.758085,2.772589
step0,0,V,u,head,1024,512-1024,16,64,0.08332981,0.08344434,0.08362904,2.757794,2.757888,2.758085,2.772589
step0,0,O,v,head,1024,spike,16,64,0.08319384,0.08431399,0.08362904,2.758204,2.757212,2.758085,2.772589
step0,0,O,v,head,1024,32-64,16,64,0.08378652,0.08346798,0.08362904,2.757524,2.757872,2.758085,2.772589
step0,0,O,v,head,1024,64-128,16,64,0.08372454,0.0841002,0.08362904,2.757792,2.757547,2.758085,2.772589
step0,0,O,v,head,1024,128-256,16,64,0.08396215,0.08317838,0.08362904,2.757833,2.758425,2.758085,2.772589
step0,0,O,v,head,1024,256-512,16,64,0.08344877,0.08423131,0.08362904,2.758119,2.757984,2.758085,2.772589
step0,0,O,v,head,1024,512-1024,16,64,0.08352311,0.08336266,0.08362904,2.75784,2.758425,2.758085,2.772589
step1,1,Q,u,head,1024,spike,16,64,0.08367601,0.08410209,0.08362904,2.757649,2.757389,2.758085,2.772589
step1,1,Q,u,head,1024,32-64,16,64,0.08370982,0.08353979,0.08362904,2.757909,2.757992,2.758085,2.772589
step1,1,Q,u,head,1024,64-128,16,64,0.08384836,0.0839321,0.08362904,2.757872,2.757859,2.758085,2.772589
step1,1,Q,u,head,1024,128-256,16,64,0.08361352,0.0834527,0.08362904,2.758156,2.758109,2.758085,2.772589
step1,1,Q,u,head,1024,256-512,16,64,0.08303258,0.08418096,0.08362904,2.758046,2.757906,2.758085,2.772589
step1,1,Q,u,head,1024,512-1024,16,64,0.08322322,0.08425604,0.08362904,2.758092,2.757631,2.758085,2.772589
step1,1,K,u,head,1024,spike,16,64,0.08321537,0.08398049,0.08362904,2.758455,2.757786,2.758085,2.772589
step1,1,K,u,head,1024,32-64,16,64,0.08325815,0.08357448,0.08362904,2.758392,2.757867,2.758085,2.772589
step1,1,K,u,head,1024,64-128,16,64,0.08372695,0.08346594,0.08362904,2.75783,2.758296,2.758085,2.772589
step1,1,K,u,head,1024,128-256,16,64,0.08305862,0.08362453,0.08362904,2.758362,2.757744,2.758085,2.772589
step1,1,K,u,head,1024,256-512,16,64,0.08341662,0.08378875,0.08362904,2.758039,2.757384,2.758085,2.772589
step1,1,K,u,head,1024,512-1024,16,64,0.08367697,0.08295224,0.08362904,2.757717,2.758376,2.758085,2.772589
step1,1,V,u,head,1024,spike,16,64,0.08348438,0.0842654,0.08362904,2.757695,2.757579,2.758085,2.772589
step1,1,V,u,head,1024,32-64,16,64,0.08321595,0.08343693,0.08362904,2.758055,2.758322,2.758085,2.772589
step1,1,V,u,head,1024,64-128,16,64,0.08380867,0.08337497,0.08362904,2.758125,2.758062,2.758085,2.772589
step1,1,V,u,head,1024,128-256,16,64,0.08381233,0.08338178,0.08362904,2.757832,2.758246,2.758085,2.772589
step1,1,V,u,head,1024,256-512,16,64,0.08396749,0.08361407,0.08362904,2.757473,2.757804,2.758085,2.772589
step1,1,V,u,head,1024,512-1024,16,64,0.08332981,0.08351519,0.08362904,2.757794,2.757924,2.758085,2.772589
step1,1,O,v,head,1024,spike,16,64,0.08319384,0.08337824,0.08362904,2.758204,2.757904,2.758085,2.772589
step1,1,O,v,head,1024,32-64,16,64,0.08378652,0.08351108,0.08362904,2.757524,2.758071,2.758085,2.772589
step1,1,O,v,head,1024,64-128,16,64,0.08372454,0.08302738,0.08362904,2.757792,2.758286,2.758085,2.772589
step1,1,O,v,head,1024,128-256,16,64,0.08396215,0.08381965,0.08362904,2.757833,2.75788,2.758085,2.772589
step1,1,O,v,head,1024,256-512,16,64,0.08344877,0.08352429,0.08362904,2.758119,2.757974,2.758085,2.772589
step1,1,O,v,head,1024,512-1024,16,64,0.08352311,0.08362813,0.08362904,2.75784,2.758285,2.758085,2.772589
step2,2,Q,u,head,1024,spike,16,64,0.08367589,0.08403761,0.08362904,2.757649,2.757242,2.758085,2.772589
step2,2,Q,u,head,1024,32-64,16,64,0.0837101,0.08402142,0.08362904,2.757909,2.757548,2.758085,2.772589
step2,2,Q,u,head,1024,64-128,16,64,0.08384838,0.08435377,0.08362904,2.757872,2.757326,2.758085,2.772589
step2,2,Q,u,head,1024,128-256,16,64,0.08361362,0.08356432,0.08362904,2.758157,2.758145,2.758085,2.772589
step2,2,Q,u,head,1024,256-512,16,64,0.08303277,0.08302815,0.08362904,2.758046,2.758235,2.758085,2.772589
step2,2,Q,u,head,1024,512-1024,16,64,0.08322285,0.08358485,0.08362904,2.758092,2.757979,2.758085,2.772589
step2,2,K,u,head,1024,spike,16,64,0.08321531,0.08414563,0.08362904,2.758455,2.757569,2.758085,2.772589
step2,2,K,u,head,1024,32-64,16,64,0.08325805,0.08369263,0.08362904,2.758392,2.757944,2.758085,2.772589
step2,2,K,u,head,1024,64-128,16,64,0.08372673,0.08380933,0.08362904,2.75783,2.75759,2.758085,2.772589
step2,2,K,u,head,1024,128-256,16,64,0.08305868,0.08369129,0.08362904,2.758362,2.757934,2.758085,2.772589
step2,2,K,u,head,1024,256-512,16,64,0.08341629,0.0833896,0.08362904,2.758039,2.758004,2.758085,2.772589
step2,2,K,u,head,1024,512-1024,16,64,0.08367708,0.08353086,0.08362904,2.757717,2.757985,2.758085,2.772589
step2,2,V,u,head,1024,spike,16,64,0.08348431,0.08318135,0.08362904,2.757694,2.758269,2.758085,2.772589
step2,2,V,u,head,1024,32-64,16,64,0.08321583,0.0833406,0.08362904,2.758055,2.757915,2.758085,2.772589
step2,2,V,u,head,1024,64-128,16,64,0.08380854,0.08405068,0.08362904,2.758125,2.757413,2.758085,2.772589
step2,2,V,u,head,1024,128-256,16,64,0.08381233,0.08394419,0.08362904,2.757832,2.758051,2.758085,2.772589
step2,2,V,u,head,1024,256-512,16,64,0.08396753,0.08339082,0.08362904,2.757473,2.758074,2.758085,2.772589
step2,2,V,u,head,1024,512-1024,16,64,0.08332971,0.08349097,0.08362904,2.757794,2.758135,2.758085,2.772589
step2,2,O,v,head,1024,spike,16,64,0.08319355,0.08429138,0.08362904,2.758205,2.757398,2.758085,2.772589
step2,2,O,v,head,1024,32-64,16,64,0.08378684,0.08315902,0.08362904,2.757523,2.758009,2.758085,2.772589
step2,2,O,v,head,1024,64-128,16,64,0.08372634,0.08420362,0.08362904,2.757791,2.75763,2.758085,2.772589
step2,2,O,v,head,1024,128-256,16,64,0.0839619,0.08415982,0.08362904,2.757833,2.757698,2.758085,2.772589
step2,2,O,v,head,1024,256-512,16,64,0.08344854,0.08420667,0.08362904,2.758119,2.757517,2.758085,2.772589
step2,2,O,v,head,1024,512-1024,16,64,0.08352216,0.08354899,0.08362904,2.75784,2.757836,2.758085,2.772589
step4,4,Q,u,head,1024,spike,16,64,0.08367579,0.08383236,0.08362904,2.757649,2.757527,2.758085,2.772589
step4,4,Q,u,head,1024,32-64,16,64,0.08370968,0.08389175,0.08362904,2.757909,2.758022,2.758085,2.772589
step4,4,Q,u,head,1024,64-128,16,64,0.08384803,0.08395268,0.08362904,2.757872,2.757743,2.758085,2.772589
step4,4,Q,u,head,1024,128-256,16,64,0.08361253,0.08392752,0.08362904,2.758157,2.757833,2.758085,2.772589
step4,4,Q,u,head,1024,256-512,16,64,0.08303252,0.08332257,0.08362904,2.758046,2.758198,2.758085,2.772589
step4,4,Q,u,head,1024,512-1024,16,64,0.08322234,0.08277168,0.08362904,2.758092,2.758713,2.758085,2.772589
step4,4,K,u,head,1024,spike,16,64,0.08321483,0.08400064,0.08362904,2.758455,2.757695,2.758085,2.772589
step4,4,K,u,head,1024,32-64,16,64,0.08325822,0.08364186,0.08362904,2.758392,2.758002,2.758085,2.772589
step4,4,K,u,head,1024,64-128,16,64,0.08372637,0.08355235,0.08362904,2.757831,2.758051,2.758085,2.772589
step4,4,K,u,head,1024,128-256,16,64,0.08305887,0.08392081,0.08362904,2.758363,2.757328,2.758085,2.772589
step4,4,K,u,head,1024,256-512,16,64,0.08341449,0.0833906,0.08362904,2.758039,2.758087,2.758085,2.772589
step4,4,K,u,head,1024,512-1024,16,64,0.08367684,0.08376627,0.08362904,2.757718,2.757971,2.758085,2.772589
step4,4,V,u,head,1024,spike,16,64,0.0834844,0.08410958,0.08362904,2.757695,2.757398,2.758085,2.772589
step4,4,V,u,head,1024,32-64,16,64,0.08321646,0.08358313,0.08362904,2.758055,2.757755,2.758085,2.772589
step4,4,V,u,head,1024,64-128,16,64,0.08380793,0.08301423,0.08362904,2.758125,2.758341,2.758085,2.772589
step4,4,V,u,head,1024,128-256,16,64,0.08381226,0.08360919,0.08362904,2.757832,2.757772,2.758085,2.772589
step4,4,V,u,head,1024,256-512,16,64,0.08396685,0.08313503,0.08362904,2.757473,2.758386,2.758085,2.772589
step4,4,V,u,head,1024,512-1024,16,64,0.08332954,0.08373952,0.08362904,2.757794,2.757987,2.758085,2.772589
step4,4,O,v,head,1024,spike,16,64,0.08319049,0.08342179,0.08362904,2.758205,2.758109,2.758085,2.772589
step4,4,O,v,head,1024,32-64,16,64,0.08377822,0.0838259,0.08362904,2.75753,2.757593,2.758085,2.772589
step4,4,O,v,head,1024,64-128,16,64,0.08372312,0.08348478,0.08362904,2.757789,2.757957,2.758085,2.772589
step4,4,O,v,head,1024,128-256,16,64,0.08398529,0.08369176,0.08362904,2.757828,2.757972,2.758085,2.772589
step4,4,O,v,head,1024,256-512,16,64,0.08344608,0.08362154,0.08362904,2.758113,2.757802,2.758085,2.772589
step4,4,O,v,head,1024,512-1024,16,64,0.08352048,0.08366697,0.08362904,2.757848,2.75793,2.758085,2.772589
step8,8,Q,u,head,1024,spike,16,64,0.08367389,0.08454917,0.08362904,2.75765,2.757405,2.758085,2.772589
step8,8,Q,u,head,1024,32-64,16,64,0.08371018,0.08337341,0.08362904,2.757906,2.758185,2.758085,2.772589
step8,8,Q,u,head,1024,64-128,16,64,0.08384507,0.08314726,0.08362904,2.757874,2.757995,2.758085,2.772589
step8,8,Q,u,head,1024,128-256,16,64,0.08361531,0.08378751,0.08362904,2.758161,2.757689,2.758085,2.772589
step8,8,Q,u,head,1024,256-512,16,64,0.08303933,0.08304158,0.08362904,2.758036,2.758444,2.758085,2.772589
step8,8,Q,u,head,1024,512-1024,16,64,0.08321723,0.08307004,0.08362904,2.758089,2.758511,2.758085,2.772589
step8,8,K,u,head,1024,spike,16,64,0.08321335,0.08317605,0.08362904,2.758456,2.757997,2.758085,2.772589
step8,8,K,u,head,1024,32-64,16,64,0.08325656,0.08325475,0.08362904,2.758394,2.757881,2.758085,2.772589
step8,8,K,u,head,1024,64-128,16,64,0.08372857,0.08383596,0.08362904,2.75783,2.757724,2.758085,2.772589
step8,8,K,u,head,1024,128-256,16,64,0.08305721,0.08373036,0.08362904,2.758366,2.757866,2.758085,2.772589
step8,8,K,u,head,1024,256-512,16,64,0.08341621,0.08358363,0.08362904,2.758033,2.758128,2.758085,2.772589
step8,8,K,u,head,1024,512-1024,16,64,0.08367095,0.08402092,0.08362904,2.757715,2.757973,2.758085,2.772589
step8,8,V,u,head,1024,spike,16,64,0.08348744,0.08332872,0.08362904,2.757694,2.757946,2.758085,2.772589
step8,8,V,u,head,1024,32-64,16,64,0.08322346,0.08357545,0.08362904,2.758053,2.757719,2.758085,2.772589
step8,8,V,u,head,1024,64-128,16,64,0.0838091,0.08382523,0.08362904,2.758126,2.757673,2.758085,2.772589
step8,8,V,u,head,1024,128-256,16,64,0.0838203,0.08402193,0.08362904,2.757826,2.75791,2.758085,2.772589
step8,8,V,u,head,1024,256-512,16,64,0.08397,0.08331865,0.08362904,2.757473,2.75783,2.758085,2.772589
step8,8,V,u,head,1024,512-1024,16,64,0.08332527,0.08374315,0.08362904,2.757796,2.758242,2.758085,2.772589
step8,8,O,v,head,1024,spike,16,64,0.08319024,0.08345518,0.08362904,2.758209,2.757523,2.758085,2.772589
step8,8,O,v,head,1024,32-64,16,64,0.08375286,0.08343464,0.08362904,2.757545,2.757912,2.758085,2.772589
step8,8,O,v,head,1024,64-128,16,64,0.08372015,0.08391553,0.08362904,2.757773,2.757791,2.758085,2.772589
step8,8,O,v,head,1024,128-256,16,64,0.08400224,0.08379072,0.08362904,2.75785,2.757679,2.758085,2.772589
step8,8,O,v,head,1024,256-512,16,64,0.08351731,0.08407541,0.08362904,2.758081,2.75788,2.758085,2.772589
step8,8,O,v,head,1024,512-1024,16,64,0.08346192,0.08348508,0.08362904,2.75783,2.758395,2.758085,2.772589
step16,16,Q,u,head,1024,spike,16,64,0.08367,0.08361538,0.08362904,2.757656,2.758087,2.758085,2.772589
step16,16,Q,u,head,1024,32-64,16,64,0.08369559,0.08359544,0.08362904,2.757904,2.75826,2.758085,2.772589
step16,16,Q,u,head,1024,64-128,16,64,0.08379777,0.08363151,0.08362904,2.757895,2.757941,2.758085,2.772589
step16,16,Q,u,head,1024,128-256,16,64,0.08362057,0.08317795,0.08362904,2.758162,2.758166,2.758085,2.772589
step16,16,Q,u,head,1024,256-512,16,64,0.08303337,0.08378851,0.08362904,2.758003,2.757952,2.758085,2.772589
step16,16,Q,u,head,1024,512-1024,16,64,0.08317996,0.08357271,0.08362904,2.758101,2.758158,2.758085,2.772589
step16,16,K,u,head,1024,spike,16,64,0.08320199,0.08368634,0.08362904,2.758463,2.757336,2.758085,2.772589
step16,16,K,u,head,1024,32-64,16,64,0.08325798,0.08377744,0.08362904,2.758395,2.757968,2.758085,2.772589
step16,16,K,u,head,1024,64-128,16,64,0.08373444,0.08383462,0.08362904,2.757825,2.757771,2.758085,2.772589
step16,16,K,u,head,1024,128-256,16,64,0.08307538,0.08357768,0.08362904,2.758361,2.75794,2.758085,2.772589
step16,16,K,u,head,1024,256-512,16,64,0.08342591,0.08393727,0.08362904,2.758023,2.75781,2.758085,2.772589
step16,16,K,u,head,1024,512-1024,16,64,0.08366739,0.08397207,0.08362904,2.757713,2.757677,2.758085,2.772589
step16,16,V,u,head,1024,spike,16,64,0.08349018,0.08321097,0.08362904,2.757693,2.757949,2.758085,2.772589
step16,16,V,u,head,1024,32-64,16,64,0.08322866,0.08419881,0.08362904,2.758044,2.757209,2.758085,2.772589
step16,16,V,u,head,1024,64-128,16,64,0.08378811,0.0838296,0.08362904,2.75815,2.75771,2.758085,2.772589
step16,16,V,u,head,1024,128-256,16,64,0.0838349,0.0841884,0.08362904,2.757812,2.757844,2.758085,2.772589
step16,16,V,u,head,1024,256-512,16,64,0.08395828,0.08414028,0.08362904,2.757483,2.757607,2.758085,2.772589
step16,16,V,u,head,1024,512-1024,16,64,0.08329984,0.08356448,0.08362904,2.757759,2.757931,2.758085,2.772589
step16,16,O,v,head,1024,spike,16,64,0.08316468,0.08385276,0.08362904,2.758228,2.757904,2.758085,2.772589
step16,16,O,v,head,1024,32-64,16,64,0.08389619,0.08452861,0.08362904,2.757505,2.757026,2.758085,2.772589
step16,16,O,v,head,1024,64-128,16,64,0.08363944,0.08376666,0.08362904,2.75776,2.757788,2.758085,2.772589
step16,16,O,v,head,1024,128-256,16,64,0.08410345,0.08357847,0.08362904,2.757908,2.758057,2.758085,2.772589
step16,16,O,v,head,1024,256-512,16,64,0.08362002,0.08337276,0.08362904,2.75799,2.758371,2.758085,2.772589
step16,16,O,v,head,1024,512-1024,16,64,0.08358047,0.08407465,0.08362904,2.757795,2.75774,2.758085,2.772589
step32,32,Q,u,head,1024,spike,16,64,0.0836585,0.08351392,0.08362904,2.757654,2.75814,2.758085,2.772589
step32,32,Q,u,head,1024,32-64,16,64,0.08366192,0.08374576,0.08362904,2.757869,2.757931,2.758085,2.772589
step32,32,Q,u,head,1024,64-128,16,64,0.0837581,0.08353882,0.08362904,2.757921,2.757952,2.758085,2.772589
step32,32,Q,u,head,1024,128-256,16,64,0.08357925,0.08355448,0.08362904,2.758154,2.758477,2.758085,2.772589
step32,32,Q,u,head,1024,256-512,16,64,0.08308339,0.08312562,0.08362904,2.757965,2.758099,2.758085,2.772589
step32,32,Q,u,head,1024,512-1024,16,64,0.08317123,0.08378978,0.08362904,2.758129,2.758258,2.758085,2.772589
step32,32,K,u,head,1024,spike,16,64,0.08317455,0.08424162,0.08362904,2.758471,2.757756,2.758085,2.772589
step32,32,K,u,head,1024,32-64,16,64,0.08322031,0.08321302,0.08362904,2.758402,2.758264,2.758085,2.772589
step32,32,K,u,head,1024,64-128,16,64,0.08376955,0.08361285,0.08362904,2.757836,2.757975,2.758085,2.772589
step32,32,K,u,head,1024,128-256,16,64,0.08308271,0.08384019,0.08362904,2.758352,2.757836,2.758085,2.772589
step32,32,K,u,head,1024,256-512,16,64,0.08334883,0.08285449,0.08362904,2.758052,2.758406,2.758085,2.772589
step32,32,K,u,head,1024,512-1024,16,64,0.08368182,0.08402704,0.08362904,2.757708,2.757694,2.758085,2.772589
step32,32,V,u,head,1024,spike,16,64,0.08352237,0.08372612,0.08362904,2.757684,2.757399,2.758085,2.772589
step32,32,V,u,head,1024,32-64,16,64,0.08320407,0.08365286,0.08362904,2.758042,2.758072,2.758085,2.772589
step32,32,V,u,head,1024,64-128,16,64,0.08382259,0.08324761,0.08362904,2.75811,2.758392,2.758085,2.772589
step32,32,V,u,head,1024,128-256,16,64,0.0838056,0.08404236,0.08362904,2.757826,2.757778,2.758085,2.772589
step32,32,V,u,head,1024,256-512,16,64,0.08392688,0.08348936,0.08362904,2.757466,2.757588,2.758085,2.772589
step32,32,V,u,head,1024,512-1024,16,64,0.08330299,0.08337766,0.08362904,2.757699,2.758286,2.758085,2.772589
step32,32,O,v,head,1024,spike,16,64,0.08307161,0.0836256,0.08362904,2.758248,2.757916,2.758085,2.772589
step32,32,O,v,head,1024,32-64,16,64,0.08392238,0.08364923,0.08362904,2.757621,2.757835,2.758085,2.772589
step32,32,O,v,head,1024,64-128,16,64,0.08368825,0.08418491,0.08362904,2.757912,2.757481,2.758085,2.772589
step32,32,O,v,head,1024,128-256,16,64,0.0840443,0.083873,0.08362904,2.757973,2.758131,2.758085,2.772589
step32,32,O,v,head,1024,256-512,16,64,0.0833113,0.08403796,0.08362904,2.757925,2.75795,2.758085,2.772589
step32,32,O,v,head,1024,512-1024,16,64,0.08362176,0.08414986,0.08362904,2.757764,2.757382,2.758085,2.772589
step64,64,Q,u,head,1024,spike,16,64,0.0836177,0.08364924,0.08362904,2.75769,2.757839,2.758085,2.772589
step64,64,Q,u,head,1024,32-64,16,64,0.08366909,0.08393622,0.08362904,2.75784,2.757776,2.758085,2.772589
step64,64,Q,u,head,1024,64-128,16,64,0.08374225,0.08355158,0.08362904,2.757896,2.757662,2.758085,2.772589
step64,64,Q,u,head,1024,128-256,16,64,0.08356023,0.08346323,0.08362904,2.758072,2.757861,2.758085,2.772589
step64,64,Q,u,head,1024,256-512,16,64,0.08313059,0.08368132,0.08362904,2.758027,2.758036,2.758085,2.772589
step64,64,Q,u,head,1024,512-1024,16,64,0.08365653,0.08366179,0.08362904,2.757915,2.757831,2.758085,2.772589
step64,64,K,u,head,1024,spike,16,64,0.08328515,0.08441723,0.08362904,2.758414,2.757205,2.758085,2.772589
step64,64,K,u,head,1024,32-64,16,64,0.0830729,0.08366129,0.08362904,2.758366,2.75802,2.758085,2.772589
step64,64,K,u,head,1024,64-128,16,64,0.08360044,0.08426936,0.08362904,2.757876,2.757703,2.758085,2.772589
step64,64,K,u,head,1024,128-256,16,64,0.08312422,0.08332581,0.08362904,2.758382,2.75814,2.758085,2.772589
step64,64,K,u,head,1024,256-512,16,64,0.08333562,0.08342752,0.08362904,2.758073,2.758386,2.758085,2.772589
step64,64,K,u,head,1024,512-1024,16,64,0.08351848,0.08382868,0.08362904,2.757617,2.758026,2.758085,2.772589
step64,64,V,u,head,1024,spike,16,64,0.08354386,0.08400489,0.08362904,2.757698,2.757704,2.758085,2.772589
step64,64,V,u,head,1024,32-64,16,64,0.08325924,0.08362929,0.08362904,2.758011,2.757834,2.758085,2.772589
step64,64,V,u,head,1024,64-128,16,64,0.08371854,0.08305374,0.08362904,2.758161,2.758494,2.758085,2.772589
step64,64,V,u,head,1024,128-256,16,64,0.08374438,0.08344928,0.08362904,2.757823,2.758047,2.758085,2.772589
step64,64,V,u,head,1024,256-512,16,64,0.083976,0.08376725,0.08362904,2.757502,2.758062,2.758085,2.772589
step64,64,V,u,head,1024,512-1024,16,64,0.08337662,0.08332706,0.08362904,2.757773,2.757998,2.758085,2.772589
step64,64,O,v,head,1024,spike,16,64,0.08314012,0.08426307,0.08362904,2.75828,2.757238,2.758085,2.772589
step64,64,O,v,head,1024,32-64,16,64,0.08378964,0.08423283,0.08362904,2.757783,2.757596,2.758085,2.772589
step64,64,O,v,head,1024,64-128,16,64,0.08317439,0.08391417,0.08362904,2.758096,2.757531,2.758085,2.772589
step64,64,O,v,head,1024,128-256,16,64,0.08394845,0.08355859,0.08362904,2.757951,2.757982,2.758085,2.772589
step64,64,O,v,head,1024,256-512,16,64,0.0836921,0.08357675,0.08362904,2.757746,2.758055,2.758085,2.772589
step64,64,O,v,head,1024,512-1024,16,64,0.08370344,0.08364558,0.08362904,2.757924,2.757988,2.758085,2.772589
step128,128,Q,u,head,1024,spike,16,64,0.08381492,0.08378866,0.08362904,2.757616,2.75806,2.758085,2.772589
step128,128,Q,u,head,1024,32-64,16,64,0.08369966,0.08390846,0.08362904,2.757809,2.757753,2.758085,2.772589
step128,128,Q,u,head,1024,64-128,16,64,0.08339084,0.08349373,0.08362904,2.757891,2.758252,2.758085,2.772589
step128,128,Q,u,head,1024,128-256,16,64,0.08361699,0.08401138,0.08362904,2.75795,2.757754,2.758085,2.772589
step128,128,Q,u,head,1024,256-512,16,64,0.08342122,0.08391164,0.08362904,2.757805,2.758009,2.758085,2.772589
step128,128,Q,u,head,1024,512-1024,16,64,0.08387517,0.08327186,0.08362904,2.757674,2.757992,2.758085,2.772589
step128,128,K,u,head,1024,spike,16,64,0.08358111,0.08308654,0.08362904,2.758206,2.758135,2.758085,2.772589
step128,128,K,u,head,1024,32-64,16,64,0.08276419,0.0837394,0.08362904,2.758351,2.757794,2.758085,2.772589
step128,128,K,u,head,1024,64-128,16,64,0.08366396,0.08388431,0.08362904,2.757992,2.757964,2.758085,2.772589
step128,128,K,u,head,1024,128-256,16,64,0.08371156,0.08353186,0.08362904,2.758017,2.75802,2.758085,2.772589
step128,128,K,u,head,1024,256-512,16,64,0.08367112,0.0836451,0.08362904,2.758036,2.75803,2.758085,2.772589
step128,128,K,u,head,1024,512-1024,16,64,0.08344434,0.08373737,0.08362904,2.757585,2.75792,2.758085,2.772589
step128,128,V,u,head,1024,spike,16,64,0.08353092,0.08331345,0.08362904,2.757754,2.757838,2.758085,2.772589
step128,128,V,u,head,1024,32-64,16,64,0.08329187,0.08381136,0.08362904,2.757939,2.75789,2.758085,2.772589
step128,128,V,u,head,1024,64-128,16,64,0.08368308,0.08359167,0.08362904,2.758181,2.757775,2.758085,2.772589
step128,128,V,u,head,1024,128-256,16,64,0.08361702,0.08383848,0.08362904,2.757753,2.758004,2.758085,2.772589
step128,128,V,u,head,1024,256-512,16,64,0.08411478,0.08306757,0.08362904,2.757319,2.758231,2.758085,2.772589
step128,128,V,u,head,1024,512-1024,16,64,0.08323489,0.0837946,0.08362904,2.75788,2.75773,2.758085,2.772589
step128,128,O,v,head,1024,spike,16,64,0.08323262,0.08342953,0.08362904,2.758026,2.757822,2.758085,2.772589
step128,128,O,v,head,1024,32-64,16,64,0.08342027,0.08359006,0.08362904,2.758012,2.757884,2.758085,2.772589
step128,128,O,v,head,1024,64-128,16,64,0.08320277,0.08369735,0.08362904,2.758363,2.758053,2.758085,2.772589
step128,128,O,v,head,1024,128-256,16,64,0.08360085,0.08367984,0.08362904,2.758211,2.757621,2.758085,2.772589
step128,128,O,v,head,1024,256-512,16,64,0.08329135,0.08400854,0.08362904,2.758215,2.75792,2.758085,2.772589
step128,128,O,v,head,1024,512-1024,16,64,0.08336701,0.08359694,0.08362904,2.757761,2.758048,2.758085,2.772589
step256,256,Q,u,head,1024,spike,16,64,0.08605617,0.0835851,0.08362904,2.755105,2.757758,2.758085,2.772589
step256,256,Q,u,head,1024,32-64,16,64,0.08398653,0.08388658,0.08362904,2.757772,2.757506,2.758085,2.772589
step256,256,Q,u,head,1024,64-128,16,64,0.08343478,0.08364243,0.08362904,2.758085,2.757893,2.758085,2.772589
step256,256,Q,u,head,1024,128-256,16,64,0.08371864,0.08382156,0.08362904,2.758262,2.757575,2.758085,2.772589
step256,256,Q,u,head,1024,256-512,16,64,0.08329704,0.08382302,0.08362904,2.758429,2.757805,2.758085,2.772589
step256,256,Q,u,head,1024,512-1024,16,64,0.08348592,0.08391336,0.08362904,2.757832,2.757719,2.758085,2.772589
step256,256,K,u,head,1024,spike,16,64,0.08426059,0.08375655,0.08362904,2.756618,2.757797,2.758085,2.772589
step256,256,K,u,head,1024,32-64,16,64,0.0832253,0.08395114,0.08362904,2.757929,2.757311,2.758085,2.772589
step256,256,K,u,head,1024,64-128,16,64,0.08402184,0.08338039,0.08362904,2.757624,2.757829,2.758085,2.772589
step256,256,K,u,head,1024,128-256,16,64,0.08378646,0.08422327,0.08362904,2.75806,2.757727,2.758085,2.772589
step256,256,K,u,head,1024,256-512,16,64,0.08332725,0.08376013,0.08362904,2.75806,2.757995,2.758085,2.772589
step256,256,K,u,head,1024,512-1024,16,64,0.08363522,0.08369721,0.08362904,2.757379,2.757514,2.758085,2.772589
step256,256,V,u,head,1024,spike,16,64,0.08358426,0.08333651,0.08362904,2.757783,2.758024,2.758085,2.772589
step256,256,V,u,head,1024,32-64,16,64,0.08340809,0.083718,0.08362904,2.757966,2.757893,2.758085,2.772589
step256,256,V,u,head,1024,64-128,16,64,0.08370239,0.08350304,0.08362904,2.757827,2.757943,2.758085,2.772589
step256,256,V,u,head,1024,128-256,16,64,0.08372001,0.08365188,0.08362904,2.757655,2.757737,2.758085,2.772589
step256,256,V,u,head,1024,256-512,16,64,0.08396962,0.08361132,0.08362904,2.757392,2.757677,2.758085,2.772589
step256,256,V,u,head,1024,512-1024,16,64,0.08324573,0.08357312,0.08362904,2.757781,2.758329,2.758085,2.772589
step256,256,O,v,head,1024,spike,16,64,0.0869124,0.08412268,0.08362904,2.753463,2.757117,2.758085,2.772589
step256,256,O,v,head,1024,32-64,16,64,0.08331927,0.08302247,0.08362904,2.758234,2.758473,2.758085,2.772589
step256,256,O,v,head,1024,64-128,16,64,0.08383826,0.08354794,0.08362904,2.758181,2.757654,2.758085,2.772589
step256,256,O,v,head,1024,128-256,16,64,0.08306906,0.08335716,0.08362904,2.758454,2.758223,2.758085,2.772589
step256,256,O,v,head,1024,256-512,16,64,0.08345895,0.08363158,0.08362904,2.758004,2.758165,2.758085,2.772589
step256,256,O,v,head,1024,512-1024,16,64,0.08317998,0.08335937,0.08362904,2.758529,2.758216,2.758085,2.772589
step512,512,Q,u,head,1024,spike,16,64,0.09186062,0.08405001,0.08362904,2.743998,2.757229,2.758085,2.772589
step512,512,Q,u,head,1024,32-64,16,64,0.08325872,0.084712,0.08362904,2.758176,2.757373,2.758085,2.772589
step512,512,Q,u,head,1024,64-128,16,64,0.08333167,0.08371615,0.08362904,2.758014,2.757582,2.758085,2.772589
step512,512,Q,u,head,1024,128-256,16,64,0.08459201,0.08394434,0.08362904,2.757275,2.757386,2.758085,2.772589
step512,512,Q,u,head,1024,256-512,16,64,0.08338315,0.0835593,0.08362904,2.758114,2.757663,2.758085,2.772589
step512,512,Q,u,head,1024,512-1024,16,64,0.08373899,0.0835303,0.08362904,2.757865,2.758072,2.758085,2.772589
step512,512,K,u,head,1024,spike,16,64,0.09048491,0.08383135,0.08362904,2.747347,2.757699,2.758085,2.772589
step512,512,K,u,head,1024,32-64,16,64,0.08329309,0.08389983,0.08362904,2.758284,2.757758,2.758085,2.772589
step512,512,K,u,head,1024,64-128,16,64,0.08357459,0.08383281,0.08362904,2.75787,2.757786,2.758085,2.772589
step512,512,K,u,head,1024,128-256,16,64,0.08303304,0.08332938,0.08362904,2.758238,2.757818,2.758085,2.772589
step512,512,K,u,head,1024,256-512,16,64,0.08327962,0.08314588,0.08362904,2.757977,2.757782,2.758085,2.772589
step512,512,K,u,head,1024,512-1024,16,64,0.08370498,0.08342835,0.08362904,2.758145,2.758117,2.758085,2.772589
step512,512,V,u,head,1024,spike,16,64,0.08395453,0.08404402,0.08362904,2.757659,2.757567,2.758085,2.772589
step512,512,V,u,head,1024,32-64,16,64,0.08435724,0.0838016,0.08362904,2.757777,2.757757,2.758085,2.772589
step512,512,V,u,head,1024,64-128,16,64,0.08317743,0.08332386,0.08362904,2.757717,2.758173,2.758085,2.772589
step512,512,V,u,head,1024,128-256,16,64,0.0841695,0.08376472,0.08362904,2.757656,2.758025,2.758085,2.772589
step512,512,V,u,head,1024,256-512,16,64,0.08360986,0.08412365,0.08362904,2.757887,2.757296,2.758085,2.772589
step512,512,V,u,head,1024,512-1024,16,64,0.08395037,0.08393056,0.08362904,2.757989,2.757935,2.758085,2.772589
step512,512,O,v,head,1024,spike,16,64,0.15097,0.09593496,0.08362904,2.634805,2.745784,2.758085,2.772589
step512,512,O,v,head,1024,32-64,16,64,0.08567079,0.08875342,0.08362904,2.756204,2.752773,2.758085,2.772589
step512,512,O,v,head,1024,64-128,16,64,0.08344476,0.08694314,0.08362904,2.757932,2.754573,2.758085,2.772589
step512,512,O,v,head,1024,128-256,16,64,0.08395198,0.08445498,0.08362904,2.757547,2.757087,2.758085,2.772589
step512,512,O,v,head,1024,256-512,16,64,0.08325105,0.08406515,0.08362904,2.758189,2.757753,2.758085,2.772589
step512,512,O,v,head,1024,512-1024,16,64,0.08405668,0.08429576,0.08362904,2.757734,2.757195,2.758085,2.772589
step1000,1000,Q,u,head,1024,spike,16,64,0.1167942,0.0924979,0.08362904,2.693751,2.748578,2.758085,2.772589
step1000,1000,Q,u,head,1024,32-64,16,64,0.08464774,0.08699291,0.08362904,2.756958,2.754109,2.758085,2.772589
step1000,1000,Q,u,head,1024,64-128,16,64,0.08341209,0.08591956,0.08362904,2.757415,2.755724,2.758085,2.772589
step1000,1000,Q,u,head,1024,128-256,16,64,0.08376146,0.08419555,0.08362904,2.75787,2.757264,2.758085,2.772589
step1000,1000,Q,u,head,1024,256-512,16,64,0.08302384,0.08380871,0.08362904,2.75827,2.757801,2.758085,2.772589
step1000,1000,Q,u,head,1024,512-1024,16,64,0.08348678,0.08365119,0.08362904,2.758052,2.75769,2.758085,2.772589
step1000,1000,K,u,head,1024,spike,16,64,0.1117454,0.0881698,0.08362904,2.708299,2.753216,2.758085,2.772589
step1000,1000,K,u,head,1024,32-64,16,64,0.08392481,0.0852032,0.08362904,2.757819,2.75653,2.758085,2.772589
step1000,1000,K,u,head,1024,64-128,16,64,0.08424292,0.08480961,0.08362904,2.757799,2.756529,2.758085,2.772589
step1000,1000,K,u,head,1024,128-256,16,64,0.08338585,0.08411706,0.08362904,2.758174,2.757472,2.758085,2.772589
step1000,1000,K,u,head,1024,256-512,16,64,0.08335391,0.08401861,0.08362904,2.758213,2.757686,2.758085,2.772589
step1000,1000,K,u,head,1024,512-1024,16,64,0.08359974,0.0835414,0.08362904,2.758225,2.757777,2.758085,2.772589
step1000,1000,V,u,head,1024,spike,16,64,0.09341642,0.08578154,0.08362904,2.747522,2.755946,2.758085,2.772589
step1000,1000,V,u,head,1024,32-64,16,64,0.0852577,0.08524792,0.08362904,2.756445,2.756841,2.758085,2.772589
step1000,1000,V,u,head,1024,64-128,16,64,0.08450268,0.08415822,0.08362904,2.757365,2.757134,2.758085,2.772589
step1000,1000,V,u,head,1024,128-256,16,64,0.08331429,0.08388074,0.08362904,2.757927,2.757873,2.758085,2.772589
step1000,1000,V,u,head,1024,256-512,16,64,0.08338968,0.08319078,0.08362904,2.757747,2.758243,2.758085,2.772589
step1000,1000,V,u,head,1024,512-1024,16,64,0.08376468,0.08358102,0.08362904,2.757715,2.757822,2.758085,2.772589
step1000,1000,O,v,head,1024,spike,16,64,0.2109104,0.1750423,0.08362904,2.49628,2.590205,2.758085,2.772589
step1000,1000,O,v,head,1024,32-64,16,64,0.1144338,0.1307923,0.08362904,2.695161,2.664441,2.758085,2.772589
step1000,1000,O,v,head,1024,64-128,16,64,0.0971513,0.1154842,0.08362904,2.738374,2.694279,2.758085,2.772589
step1000,1000,O,v,head,1024,128-256,16,64,0.08749362,0.09305249,0.08362904,2.753728,2.744904,2.758085,2.772589
step1000,1000,O,v,head,1024,256-512,16,64,0.08419575,0.08436273,0.08362904,2.757669,2.755703,2.758085,2.772589
step1000,1000,O,v,head,1024,512-1024,16,64,0.08354579,0.08427626,0.08362904,2.757508,2.754763,2.758085,2.772589
step2000,2000,Q,u,head,1024,spike,16,64,0.1321557,0.1320967,0.08362904,2.657072,2.685821,2.758085,2.772589
step2000,2000,Q,u,head,1024,32-64,16,64,0.09736,0.09631963,0.08362904,2.736074,2.742413,2.758085,2.772589
step2000,2000,Q,u,head,1024,64-128,16,64,0.08669126,0.09259798,0.08362904,2.754559,2.747413,2.758085,2.772589
step2000,2000,Q,u,head,1024,128-256,16,64,0.08448882,0.08609825,0.08362904,2.75654,2.754322,2.758085,2.772589
step2000,2000,Q,u,head,1024,256-512,16,64,0.0839084,0.08331915,0.08362904,2.757059,2.757739,2.758085,2.772589
step2000,2000,Q,u,head,1024,512-1024,16,64,0.08415823,0.08442019,0.08362904,2.75755,2.757021,2.758085,2.772589
step2000,2000,K,u,head,1024,spike,16,64,0.125595,0.1329041,0.08362904,2.672497,2.679664,2.758085,2.772589
step2000,2000,K,u,head,1024,32-64,16,64,0.09363858,0.09076372,0.08362904,2.744164,2.749256,2.758085,2.772589
step2000,2000,K,u,head,1024,64-128,16,64,0.08583668,0.08890429,0.08362904,2.755065,2.752826,2.758085,2.772589
step2000,2000,K,u,head,1024,128-256,16,64,0.08470161,0.08578807,0.08362904,2.757073,2.755667,2.758085,2.772589
step2000,2000,K,u,head,1024,256-512,16,64,0.08405181,0.08344807,0.08362904,2.757547,2.758201,2.758085,2.772589
step2000,2000,K,u,head,1024,512-1024,16,64,0.08384683,0.08394089,0.08362904,2.757638,2.757767,2.758085,2.772589
step2000,2000,V,u,head,1024,spike,16,64,0.1374732,0.1028276,0.08362904,2.677623,2.738494,2.758085,2.772589
step2000,2000,V,u,head,1024,32-64,16,64,0.09589496,0.09445194,0.08362904,2.742483,2.747319,2.758085,2.772589
step2000,2000,V,u,head,1024,64-128,16,64,0.0886625,0.09160631,0.08362904,2.752763,2.750563,2.758085,2.772589
step2000,2000,V,u,head,1024,128-256,16,64,0.08430308,0.08707419,0.08362904,2.757583,2.754354,2.758085,2.772589
step2000,2000,V,u,head,1024,256-512,16,64,0.08350692,0.08355032,0.08362904,2.758094,2.757842,2.758085,2.772589
step2000,2000,V,u,head,1024,512-1024,16,64,0.08362425,0.08376817,0.08362904,2.758126,2.757439,2.758085,2.772589
step2000,2000,O,v,head,1024,spike,16,64,0.218325,0.274362,0.08362904,2.496696,2.386066,2.758085,2.772589
step2000,2000,O,v,head,1024,32-64,16,64,0.1730477,0.1799262,0.08362904,2.584191,2.565374,2.758085,2.772589
step2000,2000,O,v,head,1024,64-128,16,64,0.1326976,0.1436471,0.08362904,2.678836,2.637107,2.758085,2.772589
step2000,2000,O,v,head,1024,128-256,16,64,0.1054151,0.1086123,0.08362904,2.726451,2.713428,2.758085,2.772589
step2000,2000,O,v,head,1024,256-512,16,64,0.08843678,0.08819883,0.08362904,2.750926,2.751067,2.758085,2.772589
step2000,2000,O,v,head,1024,512-1024,16,64,0.08537817,0.08703738,0.08362904,2.754834,2.750156,2.758085,2.772589
step3000,3000,Q,u,head,1024,spike,16,64,0.1313424,0.1501215,0.08362904,2.656455,2.64557,2.758085,2.772589
step3000,3000,Q,u,head,1024,32-64,16,64,0.1079959,0.0996966,0.08362904,2.7174,2.735449,2.758085,2.772589
step3000,3000,Q,u,head,1024,64-128,16,64,0.09378046,0.09343011,0.08362904,2.744733,2.743714,2.758085,2.772589
step3000,3000,Q,u,head,1024,128-256,16,64,0.08672237,0.08842423,0.08362904,2.753774,2.751118,2.758085,2.772589
step3000,3000,Q,u,head,1024,256-512,16,64,0.08461486,0.08414072,0.08362904,2.756467,2.756562,2.758085,2.772589
step3000,3000,Q,u,head,1024,512-1024,16,64,0.08422388,0.08446698,0.08362904,2.757139,2.757158,2.758085,2.772589
step3000,3000,K,u,head,1024,spike,16,64,0.1309875,0.1709302,0.08362904,2.65751,2.601264,2.758085,2.772589
step3000,3000,K,u,head,1024,32-64,16,64,0.1044918,0.0949678,0.08362904,2.725515,2.743658,2.758085,2.772589
step3000,3000,K,u,head,1024,64-128,16,64,0.09094298,0.0911005,0.08362904,2.748818,2.748359,2.758085,2.772589
step3000,3000,K,u,head,1024,128-256,16,64,0.08623981,0.08685815,0.08362904,2.754443,2.75369,2.758085,2.772589
step3000,3000,K,u,head,1024,256-512,16,64,0.08454476,0.08400644,0.08362904,2.75646,2.757073,2.758085,2.772589
step3000,3000,K,u,head,1024,512-1024,16,64,0.08447769,0.08405258,0.08362904,2.756967,2.757234,2.758085,2.772589
step3000,3000,V,u,head,1024,spike,16,64,0.1696528,0.127096,0.08362904,2.60779,2.705247,2.758085,2.772589
step3000,3000,V,u,head,1024,32-64,16,64,0.1135482,0.1087012,0.08362904,2.714749,2.728681,2.758085,2.772589
step3000,3000,V,u,head,1024,64-128,16,64,0.09578123,0.101432,0.08362904,2.743879,2.738681,2.758085,2.772589
step3000,3000,V,u,head,1024,128-256,16,64,0.08640022,0.09126912,0.08362904,2.754912,2.750222,2.758085,2.772589
step3000,3000,V,u,head,1024,256-512,16,64,0.08403928,0.08500055,0.08362904,2.757437,2.756662,2.758085,2.772589
step3000,3000,V,u,head,1024,512-1024,16,64,0.0847331,0.08439787,0.08362904,2.756904,2.756765,2.758085,2.772589
step3000,3000,O,v,head,1024,spike,16,64,0.232548,0.2843913,0.08362904,2.4493,2.34832,2.758085,2.772589
step3000,3000,O,v,head,1024,32-64,16,64,0.1819197,0.1890576,0.08362904,2.56022,2.535268,2.758085,2.772589
step3000,3000,O,v,head,1024,64-128,16,64,0.1507516,0.1490938,0.08362904,2.631895,2.617287,2.758085,2.772589
step3000,3000,O,v,head,1024,128-256,16,64,0.1196353,0.1121622,0.08362904,2.700576,2.696795,2.758085,2.772589
step3000,3000,O,v,head,1024,256-512,16,64,0.09282216,0.09029657,0.08362904,2.744257,2.746855,2.758085,2.772589
step3000,3000,O,v,head,1024,512-1024,16,64,0.08680648,0.08750691,0.08362904,2.752056,2.748826,2.758085,2.772589
step4000,4000,Q,u,head,1024,spike,16,64,0.1289453,0.1669042,0.08362904,2.660216,2.61534,2.758085,2.772589
step4000,4000,Q,u,head,1024,32-64,16,64,0.1139256,0.1040487,0.08362904,2.707155,2.73027,2.758085,2.772589
step4000,4000,Q,u,head,1024,64-128,16,64,0.09918739,0.09674391,0.08362904,2.736392,2.739174,2.758085,2.772589
step4000,4000,Q,u,head,1024,128-256,16,64,0.09083253,0.09013437,0.08362904,2.748665,2.748151,2.758085,2.772589
step4000,4000,Q,u,head,1024,256-512,16,64,0.08582132,0.08527353,0.08362904,2.754637,2.756058,2.758085,2.772589
step4000,4000,Q,u,head,1024,512-1024,16,64,0.08430709,0.08445413,0.08362904,2.756986,2.757121,2.758085,2.772589
step4000,4000,K,u,head,1024,spike,16,64,0.1329166,0.1926443,0.08362904,2.650074,2.555997,2.758085,2.772589
step4000,4000,K,u,head,1024,32-64,16,64,0.1082929,0.09917116,0.08362904,2.714824,2.737733,2.758085,2.772589
step4000,4000,K,u,head,1024,64-128,16,64,0.09494726,0.09393575,0.08362904,2.742896,2.744451,2.758085,2.772589
step4000,4000,K,u,head,1024,128-256,16,64,0.08893977,0.08904831,0.08362904,2.750711,2.751202,2.758085,2.772589
step4000,4000,K,u,head,1024,256-512,16,64,0.08566991,0.0845631,0.08362904,2.754736,2.756803,2.758085,2.772589
step4000,4000,K,u,head,1024,512-1024,16,64,0.08406241,0.08435244,0.08362904,2.757051,2.757385,2.758085,2.772589
step4000,4000,V,u,head,1024,spike,16,64,0.1836548,0.1449633,0.08362904,2.567343,2.673669,2.758085,2.772589
step4000,4000,V,u,head,1024,32-64,16,64,0.1290516,0.1191394,0.08362904,2.684765,2.709967,2.758085,2.772589
step4000,4000,V,u,head,1024,64-128,16,64,0.1050589,0.1088091,0.08362904,2.730316,2.725749,2.758085,2.772589
step4000,4000,V,u,head,1024,128-256,16,64,0.09037493,0.09419082,0.08362904,2.751219,2.744869,2.758085,2.772589
step4000,4000,V,u,head,1024,256-512,16,64,0.08495789,0.08455596,0.08362904,2.756862,2.756744,2.758085,2.772589
step4000,4000,V,u,head,1024,512-1024,16,64,0.08509878,0.08437146,0.08362904,2.75609,2.756839,2.758085,2.772589
step4000,4000,O,v,head,1024,spike,16,64,0.2334485,0.2610768,0.08362904,2.416653,2.386946,2.758085,2.772589
step4000,4000,O,v,head,1024,32-64,16,64,0.1720383,0.1821302,0.08362904,2.574393,2.547685,2.758085,2.772589
step4000,4000,O,v,head,1024,64-128,16,64,0.1520769,0.1454965,0.08362904,2.629144,2.620497,2.758085,2.772589
step4000,4000,O,v,head,1024,128-256,16,64,0.1252013,0.1138209,0.08362904,2.687511,2.694165,2.758085,2.772589
step4000,4000,O,v,head,1024,256-512,16,64,0.09546676,0.09030446,0.08362904,2.739958,2.745607,2.758085,2.772589
step4000,4000,O,v,head,1024,512-1024,16,64,0.08755191,0.08770215,0.08362904,2.750465,2.749477,2.758085,2.772589
step6000,6000,Q,u,head,1024,spike,16,64,0.1266546,0.186627,0.08362904,2.665325,2.574915,2.758085,2.772589
step6000,6000,Q,u,head,1024,32-64,16,64,0.116459,0.1063033,0.08362904,2.701088,2.722574,2.758085,2.772589
step6000,6000,Q,u,head,1024,64-128,16,64,0.1034719,0.0986703,0.08362904,2.728673,2.733521,2.758085,2.772589
step6000,6000,Q,u,head,1024,128-256,16,64,0.0963309,0.09109418,0.08362904,2.739341,2.745334,2.758085,2.772589
step6000,6000,Q,u,head,1024,256-512,16,64,0.08886293,0.08522398,0.08362904,2.749529,2.755244,2.758085,2.772589
step6000,6000,Q,u,head,1024,512-1024,16,64,0.08524493,0.08454917,0.08362904,2.756336,2.756716,2.758085,2.772589
step6000,6000,K,u,head,1024,spike,16,64,0.1324132,0.2242214,0.08362904,2.647949,2.488873,2.758085,2.772589
step6000,6000,K,u,head,1024,32-64,16,64,0.1125305,0.1054361,0.08362904,2.702008,2.726305,2.758085,2.772589
step6000,6000,K,u,head,1024,64-128,16,64,0.09984294,0.09703685,0.08362904,2.733604,2.737077,2.758085,2.772589
step6000,6000,K,u,head,1024,128-256,16,64,0.09511381,0.09050185,0.08362904,2.740421,2.747176,2.758085,2.772589
step6000,6000,K,u,head,1024,256-512,16,64,0.08784862,0.08465905,0.08362904,2.750463,2.756158,2.758085,2.772589
step6000,6000,K,u,head,1024,512-1024,16,64,0.08458906,0.08421049,0.08362904,2.756285,2.757226,2.758085,2.772589
step6000,6000,V,u,head,1024,spike,16,64,0.1886298,0.1778604,0.08362904,2.536856,2.609531,2.758085,2.772589
step6000,6000,V,u,head,1024,32-64,16,64,0.1462877,0.1377951,0.08362904,2.646711,2.675833,2.758085,2.772589
step6000,6000,V,u,head,1024,64-128,16,64,0.1195063,0.1186802,0.08362904,2.704059,2.705353,2.758085,2.772589
step6000,6000,V,u,head,1024,128-256,16,64,0.09840679,0.09941703,0.08362904,2.739716,2.734497,2.758085,2.772589
step6000,6000,V,u,head,1024,256-512,16,64,0.08663509,0.08638946,0.08362904,2.754634,2.754597,2.758085,2.772589
step6000,6000,V,u,head,1024,512-1024,16,64,0.08500833,0.08505319,0.08362904,2.754717,2.755263,2.758085,2.772589
step6000,6000,O,v,head,1024,spike,16,64,0.2239724,0.2462174,0.08362904,2.442863,2.438378,2.758085,2.772589
step6000,6000,O,v,head,1024,32-64,16,64,0.1687931,0.175139,0.08362904,2.591757,2.57695,2.758085,2.772589
step6000,6000,O,v,head,1024,64-128,16,64,0.1534529,0.1407808,0.08362904,2.632196,2.641146,2.758085,2.772589
step6000,6000,O,v,head,1024,128-256,16,64,0.1283766,0.1100667,0.08362904,2.682924,2.704755,2.758085,2.772589
step6000,6000,O,v,head,1024,256-512,16,64,0.09951865,0.08931288,0.08362904,2.733075,2.746974,2.758085,2.772589
step6000,6000,O,v,head,1024,512-1024,16,64,0.08767097,0.0859241,0.08362904,2.749862,2.751828,2.758085,2.772589
step8000,8000,Q,u,head,1024,spike,16,64,0.1252948,0.1899834,0.08362904,2.668996,2.564917,2.758085,2.772589
step8000,8000,Q,u,head,1024,32-64,16,64,0.1160464,0.1084917,0.08362904,2.699046,2.717062,2.758085,2.772589
step8000,8000,Q,u,head,1024,64-128,16,64,0.1054183,0.09963722,0.08362904,2.723882,2.729521,2.758085,2.772589
step8000,8000,Q,u,head,1024,128-256,16,64,0.098709,0.09172934,0.08362904,2.732544,2.742366,2.758085,2.772589
step8000,8000,Q,u,head,1024,256-512,16,64,0.09111069,0.08629102,0.08362904,2.746019,2.753373,2.758085,2.772589
step8000,8000,Q,u,head,1024,512-1024,16,64,0.08590971,0.08466493,0.08362904,2.754924,2.756392,2.758085,2.772589
step8000,8000,K,u,head,1024,spike,16,64,0.1298497,0.232187,0.08362904,2.647842,2.466461,2.758085,2.772589
step8000,8000,K,u,head,1024,32-64,16,64,0.1154295,0.1073559,0.08362904,2.694527,2.719906,2.758085,2.772589
step8000,8000,K,u,head,1024,64-128,16,64,0.1027972,0.1000983,0.08362904,2.726868,2.731574,2.758085,2.772589
step8000,8000,K,u,head,1024,128-256,16,64,0.09889116,0.09217888,0.08362904,2.731426,2.743756,2.758085,2.772589
step8000,8000,K,u,head,1024,256-512,16,64,0.0903656,0.08543796,0.08362904,2.746122,2.754266,2.758085,2.772589
step8000,8000,K,u,head,1024,512-1024,16,64,0.08515877,0.0848699,0.08362904,2.756194,2.756664,2.758085,2.772589
step8000,8000,V,u,head,1024,spike,16,64,0.1854859,0.1949178,0.08362904,2.528616,2.5736,2.758085,2.772589
step8000,8000,V,u,head,1024,32-64,16,64,0.1552813,0.1466724,0.08362904,2.629278,2.656677,2.758085,2.772589
step8000,8000,V,u,head,1024,64-128,16,64,0.1297911,0.123736,0.08362904,2.686854,2.695509,2.758085,2.772589
step8000,8000,V,u,head,1024,128-256,16,64,0.1070231,0.1023629,0.08362904,2.729163,2.728212,2.758085,2.772589
step8000,8000,V,u,head,1024,256-512,16,64,0.09010116,0.08635823,0.08362904,2.750349,2.753457,2.758085,2.772589
step8000,8000,V,u,head,1024,512-1024,16,64,0.08612309,0.08603838,0.08362904,2.753802,2.754103,2.758085,2.772589
step8000,8000,O,v,head,1024,spike,16,64,0.2113689,0.2327787,0.08362904,2.476572,2.481218,2.758085,2.772589
step8000,8000,O,v,head,1024,32-64,16,64,0.1623524,0.1670692,0.08362904,2.614377,2.604831,2.758085,2.772589
step8000,8000,O,v,head,1024,64-128,16,64,0.1480685,0.1335673,0.08362904,2.648977,2.661964,2.758085,2.772589
step8000,8000,O,v,head,1024,128-256,16,64,0.1253687,0.1061801,0.08362904,2.688913,2.713928,2.758085,2.772589
step8000,8000,O,v,head,1024,256-512,16,64,0.1004991,0.08889856,0.08362904,2.73047,2.748604,2.758085,2.772589
step8000,8000,O,v,head,1024,512-1024,16,64,0.08805401,0.08628465,0.08362904,2.750391,2.752649,2.758085,2.772589
step12000,12000,Q,u,head,1024,spike,16,64,0.1237124,0.1942078,0.08362904,2.666045,2.555947,2.758085,2.772589
step12000,12000,Q,u,head,1024,32-64,16,64,0.1180539,0.1132454,0.08362904,2.694646,2.707341,2.758085,2.772589
step12000,12000,Q,u,head,1024,64-128,16,64,0.1064795,0.1028287,0.08362904,2.72028,2.723506,2.758085,2.772589
step12000,12000,Q,u,head,1024,128-256,16,64,0.1021614,0.09309466,0.08362904,2.725221,2.739181,2.758085,2.772589
step12000,12000,Q,u,head,1024,256-512,16,64,0.09518012,0.08640807,0.08362904,2.738834,2.752476,2.758085,2.772589
step12000,12000,Q,u,head,1024,512-1024,16,64,0.08615817,0.08451946,0.08362904,2.75405,2.756352,2.758085,2.772589
step12000,12000,K,u,head,1024,spike,16,64,0.128865,0.2333377,0.08362904,2.644007,2.468475,2.758085,2.772589
step12000,12000,K,u,head,1024,32-64,16,64,0.1176128,0.1107096,0.08362904,2.687326,2.711749,2.758085,2.772589
step12000,12000,K,u,head,1024,64-128,16,64,0.1038278,0.1015334,0.08362904,2.721978,2.725474,2.758085,2.772589
step12000,12000,K,u,head,1024,128-256,16,64,0.1033374,0.09262039,0.08362904,2.721306,2.740665,2.758085,2.772589
step12000,12000,K,u,head,1024,256-512,16,64,0.09427078,0.08638081,0.08362904,2.737528,2.751967,2.758085,2.772589
step12000,12000,K,u,head,1024,512-1024,16,64,0.08633208,0.08476581,0.08362904,2.75426,2.756522,2.758085,2.772589
step12000,12000,V,u,head,1024,spike,16,64,0.1827691,0.209608,0.08362904,2.525841,2.547503,2.758085,2.772589
step12000,12000,V,u,head,1024,32-64,16,64,0.1592003,0.1527538,0.08362904,2.624344,2.644841,2.758085,2.772589
step12000,12000,V,u,head,1024,64-128,16,64,0.1355714,0.1261631,0.08362904,2.675845,2.686281,2.758085,2.772589
step12000,12000,V,u,head,1024,128-256,16,64,0.1140886,0.1020091,0.08362904,2.716658,2.724911,2.758085,2.772589
step12000,12000,V,u,head,1024,256-512,16,64,0.09556082,0.08787426,0.08362904,2.743724,2.751036,2.758085,2.772589
step12000,12000,V,u,head,1024,512-1024,16,64,0.0870395,0.08603767,0.08362904,2.752439,2.753933,2.758085,2.772589
step12000,12000,O,v,head,1024,spike,16,64,0.1921692,0.2047242,0.08362904,2.519186,2.54312,2.758085,2.772589
step12000,12000,O,v,head,1024,32-64,16,64,0.1536139,0.1562332,0.08362904,2.637115,2.635189,2.758085,2.772589
step12000,12000,O,v,head,1024,64-128,16,64,0.1381324,0.1257877,0.08362904,2.672027,2.683787,2.758085,2.772589
step12000,12000,O,v,head,1024,128-256,16,64,0.1231844,0.1034126,0.08362904,2.697774,2.724174,2.758085,2.772589
step12000,12000,O,v,head,1024,256-512,16,64,0.1018693,0.08755672,0.08362904,2.730299,2.751536,2.758085,2.772589
step12000,12000,O,v,head,1024,512-1024,16,64,0.08767976,0.08535335,0.08362904,2.751099,2.754174,2.758085,2.772589
step16000,16000,Q,u,head,1024,spike,16,64,0.1247725,0.2048852,0.08362904,2.660158,2.531943,2.758085,2.772589
step16000,16000,Q,u,head,1024,32-64,16,64,0.1168577,0.1185546,0.08362904,2.694031,2.695554,2.758085,2.772589
step16000,16000,Q,u,head,1024,64-128,16,64,0.1091638,0.1049188,0.08362904,2.71605,2.718501,2.758085,2.772589
step16000,16000,Q,u,head,1024,128-256,16,64,0.1044861,0.09417195,0.08362904,2.720695,2.736912,2.758085,2.772589
step16000,16000,Q,u,head,1024,256-512,16,64,0.09811336,0.08607072,0.08362904,2.734702,2.751714,2.758085,2.772589
step16000,16000,Q,u,head,1024,512-1024,16,64,0.08546405,0.08490356,0.08362904,2.755169,2.755287,2.758085,2.772589
step16000,16000,K,u,head,1024,spike,16,64,0.1295642,0.220538,0.08362904,2.638347,2.490849,2.758085,2.772589
step16000,16000,K,u,head,1024,32-64,16,64,0.1196707,0.1121284,0.08362904,2.681681,2.707459,2.758085,2.772589
step16000,16000,K,u,head,1024,64-128,16,64,0.1063003,0.1035558,0.08362904,2.717051,2.721289,2.758085,2.772589
step16000,16000,K,u,head,1024,128-256,16,64,0.1052635,0.09468053,0.08362904,2.71631,2.737517,2.758085,2.772589
step16000,16000,K,u,head,1024,256-512,16,64,0.0964542,0.08635354,0.08362904,2.731961,2.751603,2.758085,2.772589
step16000,16000,K,u,head,1024,512-1024,16,64,0.0860657,0.08503635,0.08362904,2.754238,2.756078,2.758085,2.772589
step16000,16000,V,u,head,1024,spike,16,64,0.1818922,0.2091446,0.08362904,2.521412,2.547677,2.758085,2.772589
step16000,16000,V,u,head,1024,32-64,16,64,0.1557239,0.1544701,0.08362904,2.627556,2.641517,2.758085,2.772589
step16000,16000,V,u,head,1024,64-128,16,64,0.1353715,0.1247618,0.08362904,2.676973,2.686549,2.758085,2.772589
step16000,16000,V,u,head,1024,128-256,16,64,0.1176257,0.1034002,0.08362904,2.71065,2.723383,2.758085,2.772589
step16000,16000,V,u,head,1024,256-512,16,64,0.09909887,0.0879942,0.08362904,2.737539,2.749935,2.758085,2.772589
step16000,16000,V,u,head,1024,512-1024,16,64,0.08672793,0.08642778,0.08362904,2.752813,2.7538,2.758085,2.772589
step16000,16000,O,v,head,1024,spike,16,64,0.1839906,0.1892909,0.08362904,2.538499,2.579256,2.758085,2.772589
step16000,16000,O,v,head,1024,32-64,16,64,0.1470249,0.1485948,0.08362904,2.652485,2.652327,2.758085,2.772589
step16000,16000,O,v,head,1024,64-128,16,64,0.1349243,0.1219648,0.08362904,2.680716,2.695134,2.758085,2.772589
step16000,16000,O,v,head,1024,128-256,16,64,0.1202086,0.1004565,0.08362904,2.702552,2.729129,2.758085,2.772589
step16000,16000,O,v,head,1024,256-512,16,64,0.1014084,0.08761604,0.08362904,2.730435,2.75165,2.758085,2.772589
step16000,16000,O,v,head,1024,512-1024,16,64,0.08742752,0.08628059,0.08362904,2.751863,2.753991,2.758085,2.772589
step24000,24000,Q,u,head,1024,spike,16,64,0.1287636,0.2227847,0.08362904,2.641774,2.480469,2.758085,2.772589
step24000,24000,Q,u,head,1024,32-64,16,64,0.1217544,0.1335113,0.08362904,2.685175,2.65783,2.758085,2.772589
step24000,24000,Q,u,head,1024,64-128,16,64,0.1133796,0.1138758,0.08362904,2.708658,2.695023,2.758085,2.772589
step24000,24000,Q,u,head,1024,128-256,16,64,0.1085698,0.09619628,0.08362904,2.713142,2.731731,2.758085,2.772589
step24000,24000,Q,u,head,1024,256-512,16,64,0.09892617,0.08699164,0.08362904,2.731209,2.749577,2.758085,2.772589
step24000,24000,Q,u,head,1024,512-1024,16,64,0.08632373,0.08565046,0.08362904,2.753789,2.754124,2.758085,2.772589
step24000,24000,K,u,head,1024,spike,16,64,0.1303214,0.1990667,0.08362904,2.630582,2.531571,2.758085,2.772589
step24000,24000,K,u,head,1024,32-64,16,64,0.1214309,0.115502,0.08362904,2.673889,2.700507,2.758085,2.772589
step24000,24000,K,u,head,1024,64-128,16,64,0.1105515,0.1054402,0.08362904,2.709201,2.715151,2.758085,2.772589
step24000,24000,K,u,head,1024,128-256,16,64,0.1084904,0.09517334,0.08362904,2.708149,2.73377,2.758085,2.772589
step24000,24000,K,u,head,1024,256-512,16,64,0.09838133,0.08730461,0.08362904,2.727353,2.749961,2.758085,2.772589
step24000,24000,K,u,head,1024,512-1024,16,64,0.08660691,0.08469984,0.08362904,2.752983,2.756079,2.758085,2.772589
step24000,24000,V,u,head,1024,spike,16,64,0.1762984,0.1990029,0.08362904,2.524195,2.562253,2.758085,2.772589
step24000,24000,V,u,head,1024,32-64,16,64,0.1498643,0.1479715,0.08362904,2.631821,2.65141,2.758085,2.772589
step24000,24000,V,u,head,1024,64-128,16,64,0.1343302,0.1231902,0.08362904,2.680761,2.68811,2.758085,2.772589
step24000,24000,V,u,head,1024,128-256,16,64,0.1203089,0.1009675,0.08362904,2.706897,2.725658,2.758085,2.772589
step24000,24000,V,u,head,1024,256-512,16,64,0.1018934,0.08735532,0.08362904,2.732285,2.750298,2.758085,2.772589
step24000,24000,V,u,head,1024,512-1024,16,64,0.08692285,0.08549261,0.08362904,2.752281,2.754572,2.758085,2.772589
step24000,24000,O,v,head,1024,spike,16,64,0.1791299,0.170376,0.08362904,2.552152,2.610381,2.758085,2.772589
step24000,24000,O,v,head,1024,32-64,16,64,0.1384188,0.1402126,0.08362904,2.668583,2.667456,2.758085,2.772589
step24000,24000,O,v,head,1024,64-128,16,64,0.127837,0.1166732,0.08362904,2.694778,2.703489,2.758085,2.772589
step24000,24000,O,v,head,1024,128-256,16,64,0.1194713,0.0983489,0.08362904,2.707324,2.733078,2.758085,2.772589
step24000,24000,O,v,head,1024,256-512,16,64,0.1020902,0.08666797,0.08362904,2.728934,2.752443,2.758085,2.772589
step24000,24000,O,v,head,1024,512-1024,16,64,0.08712379,0.08510986,0.08362904,2.751935,2.754967,2.758085,2.772589
step32000,32000,Q,u,head,1024,spike,16,64,0.1327151,0.2504227,0.08362904,2.624604,2.387868,2.758085,2.772589
step32000,32000,Q,u,head,1024,32-64,16,64,0.1306235,0.156996,0.08362904,2.669514,2.603648,2.758085,2.772589
step32000,32000,Q,u,head,1024,64-128,16,64,0.1196533,0.1174404,0.08362904,2.699297,2.685592,2.758085,2.772589
step32000,32000,Q,u,head,1024,128-256,16,64,0.1124614,0.09907282,0.08362904,2.707045,2.722159,2.758085,2.772589
step32000,32000,Q,u,head,1024,256-512,16,64,0.0991115,0.08853018,0.08362904,2.730145,2.746706,2.758085,2.772589
step32000,32000,Q,u,head,1024,512-1024,16,64,0.08716476,0.08628189,0.08362904,2.752715,2.752449,2.758085,2.772589
step32000,32000,K,u,head,1024,spike,16,64,0.1326015,0.1984066,0.08362904,2.623936,2.534717,2.758085,2.772589
step32000,32000,K,u,head,1024,32-64,16,64,0.124897,0.1185844,0.08362904,2.668079,2.695509,2.758085,2.772589
step32000,32000,K,u,head,1024,64-128,16,64,0.1120562,0.1077159,0.08362904,2.70649,2.710921,2.758085,2.772589
step32000,32000,K,u,head,1024,128-256,16,64,0.1102682,0.09579512,0.08362904,2.703773,2.731221,2.758085,2.772589
step32000,32000,K,u,head,1024,256-512,16,64,0.0993389,0.08844563,0.08362904,2.723315,2.748735,2.758085,2.772589
step32000,32000,K,u,head,1024,512-1024,16,64,0.0867589,0.08510662,0.08362904,2.752683,2.755046,2.758085,2.772589
step32000,32000,V,u,head,1024,spike,16,64,0.1750039,0.1913114,0.08362904,2.525932,2.571338,2.758085,2.772589
step32000,32000,V,u,head,1024,32-64,16,64,0.1468657,0.1470086,0.08362904,2.632077,2.651329,2.758085,2.772589
step32000,32000,V,u,head,1024,64-128,16,64,0.1317218,0.1213718,0.08362904,2.683338,2.690912,2.758085,2.772589
step32000,32000,V,u,head,1024,128-256,16,64,0.1233815,0.1014978,0.08362904,2.702433,2.724729,2.758085,2.772589
step32000,32000,V,u,head,1024,256-512,16,64,0.1006264,0.08733112,0.08362904,2.732155,2.749691,2.758085,2.772589
step32000,32000,V,u,head,1024,512-1024,16,64,0.08720675,0.08475446,0.08362904,2.752295,2.754856,2.758085,2.772589
step32000,32000,O,v,head,1024,spike,16,64,0.1788906,0.1621435,0.08362904,2.555726,2.622943,2.758085,2.772589
step32000,32000,O,v,head,1024,32-64,16,64,0.1334475,0.1351239,0.08362904,2.672082,2.672247,2.758085,2.772589
step32000,32000,O,v,head,1024,64-128,16,64,0.1236453,0.1149194,0.08362904,2.699008,2.704653,2.758085,2.772589
step32000,32000,O,v,head,1024,128-256,16,64,0.1160711,0.09806989,0.08362904,2.711032,2.731967,2.758085,2.772589
step32000,32000,O,v,head,1024,256-512,16,64,0.1022599,0.08733575,0.08362904,2.729169,2.751947,2.758085,2.772589
step32000,32000,O,v,head,1024,512-1024,16,64,0.08779766,0.08479735,0.08362904,2.751168,2.755083,2.758085,2.772589
step48000,48000,Q,u,head,1024,spike,16,64,0.145754,0.2505656,0.08362904,2.589346,2.389466,2.758085,2.772589
step48000,48000,Q,u,head,1024,32-64,16,64,0.1433502,0.1591375,0.08362904,2.641977,2.581366,2.758085,2.772589
step48000,48000,Q,u,head,1024,64-128,16,64,0.1270098,0.1264188,0.08362904,2.680859,2.648165,2.758085,2.772589
step48000,48000,Q,u,head,1024,128-256,16,64,0.115824,0.1020173,0.08362904,2.69631,2.703347,2.758085,2.772589
step48000,48000,Q,u,head,1024,256-512,16,64,0.1021196,0.08984189,0.08362904,2.724981,2.740765,2.758085,2.772589
step48000,48000,Q,u,head,1024,512-1024,16,64,0.08778493,0.08714513,0.08362904,2.750966,2.750424,2.758085,2.772589
step48000,48000,K,u,head,1024,spike,16,64,0.1342507,0.1985636,0.08362904,2.615182,2.537228,2.758085,2.772589
step48000,48000,K,u,head,1024,32-64,16,64,0.1300378,0.1201081,0.08362904,2.656799,2.688057,2.758085,2.772589
step48000,48000,K,u,head,1024,64-128,16,64,0.1157736,0.1115668,0.08362904,2.69886,2.705871,2.758085,2.772589
step48000,48000,K,u,head,1024,128-256,16,64,0.1137238,0.09882615,0.08362904,2.696842,2.726334,2.758085,2.772589
step48000,48000,K,u,head,1024,256-512,16,64,0.101013,0.08801441,0.08362904,2.718247,2.747359,2.758085,2.772589
step48000,48000,K,u,head,1024,512-1024,16,64,0.08736916,0.08570174,0.08362904,2.751311,2.754314,2.758085,2.772589
step48000,48000,V,u,head,1024,spike,16,64,0.1773461,0.1839491,0.08362904,2.519862,2.583258,2.758085,2.772589
step48000,48000,V,u,head,1024,32-64,16,64,0.1436546,0.1414431,0.08362904,2.634156,2.658498,2.758085,2.772589
step48000,48000,V,u,head,1024,64-128,16,64,0.1280236,0.1213143,0.08362904,2.687188,2.691393,2.758085,2.772589
step48000,48000,V,u,head,1024,128-256,16,64,0.1205072,0.1011688,0.08362904,2.705943,2.725938,2.758085,2.772589
step48000,48000,V,u,head,1024,256-512,16,64,0.1022047,0.087468,0.08362904,2.729369,2.750029,2.758085,2.772589
step48000,48000,V,u,head,1024,512-1024,16,64,0.08765395,0.08579091,0.08362904,2.751706,2.754402,2.758085,2.772589
step48000,48000,O,v,head,1024,spike,16,64,0.1817178,0.1598428,0.08362904,2.552487,2.626784,2.758085,2.772589
step48000,48000,O,v,head,1024,32-64,16,64,0.1319732,0.1333196,0.08362904,2.674941,2.674873,2.758085,2.772589
step48000,48000,O,v,head,1024,64-128,16,64,0.1218264,0.11603,0.08362904,2.700096,2.704644,2.758085,2.772589
step48000,48000,O,v,head,1024,128-256,16,64,0.113879,0.09787526,0.08362904,2.711717,2.731774,2.758085,2.772589
step48000,48000,O,v,head,1024,256-512,16,64,0.1024933,0.08722395,0.08362904,2.728213,2.751488,2.758085,2.772589
step48000,48000,O,v,head,1024,512-1024,16,64,0.08796653,0.08568418,0.08362904,2.751812,2.754955,2.758085,2.772589
step64000,64000,Q,u,head,1024,spike,16,64,0.1644612,0.3370218,0.08362904,2.541374,2.140673,2.758085,2.772589
step64000,64000,Q,u,head,1024,32-64,16,64,0.1457834,0.1999127,0.08362904,2.631173,2.46141,2.758085,2.772589
step64000,64000,Q,u,head,1024,64-128,16,64,0.1364848,0.1398893,0.08362904,2.661363,2.604458,2.758085,2.772589
step64000,64000,Q,u,head,1024,128-256,16,64,0.1218425,0.1108105,0.08362904,2.684038,2.677357,2.758085,2.772589
step64000,64000,Q,u,head,1024,256-512,16,64,0.1027583,0.09408211,0.08362904,2.720888,2.730771,2.758085,2.772589
step64000,64000,Q,u,head,1024,512-1024,16,64,0.08849866,0.08835782,0.08362904,2.74944,2.745616,2.758085,2.772589
step64000,64000,K,u,head,1024,spike,16,64,0.1372352,0.2059535,0.08362904,2.605006,2.516334,2.758085,2.772589
step64000,64000,K,u,head,1024,32-64,16,64,0.1331434,0.1255486,0.08362904,2.650562,2.678985,2.758085,2.772589
step64000,64000,K,u,head,1024,64-128,16,64,0.1149237,0.1111391,0.08362904,2.695085,2.70201,2.758085,2.772589
step64000,64000,K,u,head,1024,128-256,16,64,0.1149848,0.09909725,0.08362904,2.692569,2.724344,2.758085,2.772589
step64000,64000,K,u,head,1024,256-512,16,64,0.1022711,0.08934202,0.08362904,2.716596,2.745138,2.758085,2.772589
step64000,64000,K,u,head,1024,512-1024,16,64,0.08722632,0.08626359,0.08362904,2.750422,2.753786,2.758085,2.772589
step64000,64000,V,u,head,1024,spike,16,64,0.1826082,0.1779998,0.08362904,2.511371,2.585787,2.758085,2.772589
step64000,64000,V,u,head,1024,32-64,16,64,0.1439091,0.1387288,0.08362904,2.629588,2.658211,2.758085,2.772589
step64000,64000,V,u,head,1024,64-128,16,64,0.1259798,0.1204297,0.08362904,2.685066,2.691087,2.758085,2.772589
step64000,64000,V,u,head,1024,128-256,16,64,0.116764,0.1022785,0.08362904,2.70713,2.723097,2.758085,2.772589
step64000,64000,V,u,head,1024,256-512,16,64,0.1012488,0.08769136,0.08362904,2.72857,2.748425,2.758085,2.772589
step64000,64000,V,u,head,1024,512-1024,16,64,0.08777096,0.0857149,0.08362904,2.751383,2.754061,2.758085,2.772589
step64000,64000,O,v,head,1024,spike,16,64,0.1872492,0.1643333,0.08362904,2.533336,2.617707,2.758085,2.772589
step64000,64000,O,v,head,1024,32-64,16,64,0.1339429,0.136728,0.08362904,2.665928,2.663749,2.758085,2.772589
step64000,64000,O,v,head,1024,64-128,16,64,0.1205516,0.1163529,0.08362904,2.69524,2.697952,2.758085,2.772589
step64000,64000,O,v,head,1024,128-256,16,64,0.1105651,0.1000906,0.08362904,2.71107,2.726447,2.758085,2.772589
step64000,64000,O,v,head,1024,256-512,16,64,0.1037608,0.08751242,0.08362904,2.726012,2.749606,2.758085,2.772589
step64000,64000,O,v,head,1024,512-1024,16,64,0.08913448,0.08565261,0.08362904,2.750159,2.754416,2.758085,2.772589
step96000,96000,Q,u,head,1024,spike,16,64,0.1996634,0.39322,0.08362904,2.454842,1.943614,2.758085,2.772589
step96000,96000,Q,u,head,1024,32-64,16,64,0.1822453,0.2474912,0.08362904,2.544592,2.267535,2.758085,2.772589
step96000,96000,Q,u,head,1024,64-128,16,64,0.1591012,0.1775501,0.08362904,2.608792,2.476391,2.758085,2.772589
step96000,96000,Q,u,head,1024,128-256,16,64,0.1234369,0.1228968,0.08362904,2.674884,2.644054,2.758085,2.772589
step96000,96000,Q,u,head,1024,256-512,16,64,0.1050102,0.09763442,0.08362904,2.71548,2.720668,2.758085,2.772589
step96000,96000,Q,u,head,1024,512-1024,16,64,0.09082669,0.09111548,0.08362904,2.745172,2.736386,2.758085,2.772589
step96000,96000,K,u,head,1024,spike,16,64,0.1417753,0.2239052,0.08362904,2.590591,2.471174,2.758085,2.772589
step96000,96000,K,u,head,1024,32-64,16,64,0.1408521,0.1335067,0.08362904,2.634787,2.660496,2.758085,2.772589
step96000,96000,K,u,head,1024,64-128,16,64,0.1246969,0.1171275,0.08362904,2.681941,2.691588,2.758085,2.772589
step96000,96000,K,u,head,1024,128-256,16,64,0.1182555,0.1015346,0.08362904,2.686648,2.718594,2.758085,2.772589
step96000,96000,K,u,head,1024,256-512,16,64,0.1032095,0.09091755,0.08362904,2.71291,2.741247,2.758085,2.772589
step96000,96000,K,u,head,1024,512-1024,16,64,0.08879291,0.08626597,0.08362904,2.747883,2.752858,2.758085,2.772589
step96000,96000,V,u,head,1024,spike,16,64,0.1901881,0.183407,0.08362904,2.499293,2.56763,2.758085,2.772589
step96000,96000,V,u,head,1024,32-64,16,64,0.1484388,0.1443114,0.08362904,2.616781,2.641256,2.758085,2.772589
step96000,96000,V,u,head,1024,64-128,16,64,0.1294523,0.12469,0.08362904,2.672131,2.676229,2.758085,2.772589
step96000,96000,V,u,head,1024,128-256,16,64,0.1176617,0.1041127,0.08362904,2.700615,2.715513,2.758085,2.772589
step96000,96000,V,u,head,1024,256-512,16,64,0.1004564,0.08896764,0.08362904,2.726948,2.745356,2.758085,2.772589
step96000,96000,V,u,head,1024,512-1024,16,64,0.08960393,0.08620946,0.08362904,2.749377,2.753633,2.758085,2.772589
step96000,96000,O,v,head,1024,spike,16,64,0.1938551,0.1818869,0.08362904,2.511112,2.577753,2.758085,2.772589
step96000,96000,O,v,head,1024,32-64,16,64,0.1441841,0.146061,0.08362904,2.641561,2.638421,2.758085,2.772589
step96000,96000,O,v,head,1024,64-128,16,64,0.12981,0.1235522,0.08362904,2.674333,2.676378,2.758085,2.772589
step96000,96000,O,v,head,1024,128-256,16,64,0.1138928,0.1038971,0.08362904,2.700204,2.713501,2.758085,2.772589
step96000,96000,O,v,head,1024,256-512,16,64,0.1050187,0.08886971,0.08362904,2.720018,2.743932,2.758085,2.772589
step96000,96000,O,v,head,1024,512-1024,16,64,0.08946561,0.08570667,0.08362904,2.749048,2.753813,2.758085,2.772589
step128000,128000,Q,u,head,1024,spike,16,64,0.2131256,0.4154481,0.08362904,2.411502,1.865557,2.758085,2.772589
step128000,128000,Q,u,head,1024,32-64,16,64,0.1915868,0.2552241,0.08362904,2.521214,2.221324,2.758085,2.772589
step128000,128000,Q,u,head,1024,64-128,16,64,0.167019,0.1897313,0.08362904,2.593576,2.418313,2.758085,2.772589
step128000,128000,Q,u,head,1024,128-256,16,64,0.127793,0.136278,0.08362904,2.669812,2.595167,2.758085,2.772589
step128000,128000,Q,u,head,1024,256-512,16,64,0.1058793,0.1012967,0.08362904,2.714586,2.701743,2.758085,2.772589
step128000,128000,Q,u,head,1024,512-1024,16,64,0.09124865,0.09197051,0.08362904,2.743164,2.731275,2.758085,2.772589
step128000,128000,K,u,head,1024,spike,16,64,0.1474162,0.2322559,0.08362904,2.577356,2.445654,2.758085,2.772589
step128000,128000,K,u,head,1024,32-64,16,64,0.1457258,0.1419373,0.08362904,2.6244,2.646992,2.758085,2.772589
step128000,128000,K,u,head,1024,64-128,16,64,0.1294785,0.123159,0.08362904,2.671785,2.67754,2.758085,2.772589
step128000,128000,K,u,head,1024,128-256,16,64,0.1218002,0.1062774,0.08362904,2.679596,2.709742,2.758085,2.772589
step128000,128000,K,u,head,1024,256-512,16,64,0.1034481,0.09264442,0.08362904,2.711619,2.737445,2.758085,2.772589
step128000,128000,K,u,head,1024,512-1024,16,64,0.09011794,0.08762327,0.08362904,2.746443,2.751542,2.758085,2.772589
step128000,128000,V,u,head,1024,spike,16,64,0.1971998,0.1936559,0.08362904,2.480782,2.546861,2.758085,2.772589
step128000,128000,V,u,head,1024,32-64,16,64,0.1516994,0.1481689,0.08362904,2.608292,2.629014,2.758085,2.772589
step128000,128000,V,u,head,1024,64-128,16,64,0.1325514,0.1291822,0.08362904,2.663181,2.667722,2.758085,2.772589
step128000,128000,V,u,head,1024,128-256,16,64,0.1191313,0.1054583,0.08362904,2.696851,2.709621,2.758085,2.772589
step128000,128000,V,u,head,1024,256-512,16,64,0.1001515,0.0893682,0.08362904,2.726012,2.742416,2.758085,2.772589
step128000,128000,V,u,head,1024,512-1024,16,64,0.09034996,0.08615927,0.08362904,2.747758,2.753239,2.758085,2.772589
step128000,128000,O,v,head,1024,spike,16,64,0.1997158,0.1952437,0.08362904,2.4953,2.542778,2.758085,2.772589
step128000,128000,O,v,head,1024,32-64,16,64,0.1533258,0.1553028,0.08362904,2.615899,2.610852,2.758085,2.772589
step128000,128000,O,v,head,1024,64-128,16,64,0.1366599,0.1292562,0.08362904,2.653969,2.657014,2.758085,2.772589
step128000,128000,O,v,head,1024,128-256,16,64,0.1184707,0.1053935,0.08362904,2.686525,2.702665,2.758085,2.772589
step128000,128000,O,v,head,1024,256-512,16,64,0.1057232,0.0902782,0.08362904,2.71362,2.738521,2.758085,2.772589
step128000,128000,O,v,head,1024,512-1024,16,64,0.08985136,0.0875491,0.08362904,2.746478,2.749899,2.758085,2.772589
step143000,143000,Q,u,head,1024,spike,16,64,0.2141201,0.4201503,0.08362904,2.403686,1.849071,2.758085,2.772589
step143000,143000,Q,u,head,1024,32-64,16,64,0.1962641,0.2575301,0.08362904,2.509491,2.211213,2.758085,2.772589
step143000,143000,Q,u,head,1024,64-128,16,64,0.1676112,0.1872606,0.08362904,2.588729,2.409738,2.758085,2.772589
step143000,143000,Q,u,head,1024,128-256,16,64,0.1276639,0.1394955,0.08362904,2.668023,2.581185,2.758085,2.772589
step143000,143000,Q,u,head,1024,256-512,16,64,0.1064601,0.1013557,0.08362904,2.7129,2.701314,2.758085,2.772589
step143000,143000,Q,u,head,1024,512-1024,16,64,0.09231319,0.09480067,0.08362904,2.741462,2.727393,2.758085,2.772589
step143000,143000,K,u,head,1024,spike,16,64,0.1510673,0.24946,0.08362904,2.570682,2.397375,2.758085,2.772589
step143000,143000,K,u,head,1024,32-64,16,64,0.1468236,0.1438358,0.08362904,2.621743,2.640194,2.758085,2.772589
step143000,143000,K,u,head,1024,64-128,16,64,0.1316509,0.1246171,0.08362904,2.668475,2.674691,2.758085,2.772589
step143000,143000,K,u,head,1024,128-256,16,64,0.1223399,0.1068786,0.08362904,2.67747,2.707217,2.758085,2.772589
step143000,143000,K,u,head,1024,256-512,16,64,0.1038542,0.09377295,0.08362904,2.710475,2.734631,2.758085,2.772589
step143000,143000,K,u,head,1024,512-1024,16,64,0.09016723,0.08760241,0.08362904,2.746217,2.751574,2.758085,2.772589
step143000,143000,V,u,head,1024,spike,16,64,0.199751,0.1938022,0.08362904,2.475165,2.545215,2.758085,2.772589
step143000,143000,V,u,head,1024,32-64,16,64,0.1528745,0.1491523,0.08362904,2.606071,2.627697,2.758085,2.772589
step143000,143000,V,u,head,1024,64-128,16,64,0.1331553,0.1287653,0.08362904,2.660358,2.665008,2.758085,2.772589
step143000,143000,V,u,head,1024,128-256,16,64,0.1191163,0.1055728,0.08362904,2.695021,2.708905,2.758085,2.772589
step143000,143000,V,u,head,1024,256-512,16,64,0.1006216,0.08922161,0.08362904,2.725065,2.742644,2.758085,2.772589
step143000,143000,V,u,head,1024,512-1024,16,64,0.09029676,0.08677667,0.08362904,2.74803,2.752331,2.758085,2.772589
step143000,143000,O,v,head,1024,spike,16,64,0.2021381,0.2006095,0.08362904,2.487155,2.525047,2.758085,2.772589
step143000,143000,O,v,head,1024,32-64,16,64,0.1583441,0.1603663,0.08362904,2.601082,2.597986,2.758085,2.772589
step143000,143000,O,v,head,1024,64-128,16,64,0.1406568,0.1317306,0.08362904,2.642258,2.649335,2.758085,2.772589
step143000,143000,O,v,head,1024,128-256,16,64,0.1207123,0.1065468,0.08362904,2.678811,2.697326,2.758085,2.772589
step143000,143000,O,v,head,1024,256-512,16,64,0.1076743,0.09067895,0.08362904,2.70936,2.734224,2.758085,2.772589
step143000,143000,O,v,head,1024,512-1024,16,64,0.091353,0.08764914,0.08362904,2.743546,2.74852,2.758085,2.772589
