rev,step,M,rownorm_cv,colnorm_cv,rownorm_cv_null,colnorm_cv_null
step0,0,Q,0.02227596,0.02222806,0.03124433,0.03135076
step0,0,K,0.02202105,0.02208792,0.03096488,0.03125934
step0,0,V,0.0222039,0.0220669,0.03115206,0.03124976
step0,0,O,0.02191438,0.02195422,0.03120556,0.03138694
step0,0,MLP_IN,0.02214345,0.01100038,0.03132525,0.01556001
step0,0,MLP_OUT,0.0110859,0.02209778,0.01562956,0.03117251
step1,1,Q,0.02227596,0.02222806,0.03134863,0.03145653
step1,1,K,0.02202105,0.02208792,0.03119409,0.0314319
step1,1,V,0.0222039,0.0220669,0.03116697,0.03128459
step1,1,O,0.02191438,0.02195422,0.03103348,0.03133976
step1,1,MLP_IN,0.02214345,0.01100038,0.03138632,0.01558698
step1,1,MLP_OUT,0.0110859,0.02209778,0.0155945,0.03127575
step2,2,Q,0.02227596,0.02222806,0.03139596,0.0312788
step2,2,K,0.02202105,0.02208792,0.03111059,0.0313023
step2,2,V,0.0222039,0.0220669,0.03139226,0.03104588
step2,2,O,0.02191438,0.02195421,0.03097364,0.03130242
step2,2,MLP_IN,0.02214345,0.01100038,0.03129225,0.0156391
step2,2,MLP_OUT,0.0110859,0.02209778,0.01575905,0.03128691
step4,4,Q,0.02227596,0.02222806,0.03142224,0.03108436
step4,4,K,0.02202105,0.02208792,0.03120971,0.03134125
step4,4,V,0.0222039,0.0220669,0.03124661,0.03114131
step4,4,O,0.0219143,0.021954,0.03109511,0.03126159
step4,4,MLP_IN,0.02214345,0.01100038,0.03116298,0.01555218
step4,4,MLP_OUT,0.0110859,0.0220978,0.01568674,0.03135333
step8,8,Q,0.02227593,0.02222808,0.03142062,0.03141001
step8,8,K,0.02202105,0.02208789,0.03127647,0.03117283
step8,8,V,0.02220389,0.0220669,0.03133559,0.03112694
step8,8,O,0.02191382,0.02195304,0.03108641,0.0312329
step8,8,MLP_IN,0.02214347,0.0110004,0.03136795,0.01552563
step8,8,MLP_OUT,0.01108604,0.02209779,0.01567684,0.0313028
step16,16,Q,0.0222759,0.02222813,0.03139956,0.03132566
step16,16,K,0.02202094,0.02208786,0.03125235,0.031264
step16,16,V,0.02220389,0.02206683,0.03134082,0.03109359
step16,16,O,0.02191413,0.02195142,0.03106689,0.03116776
step16,16,MLP_IN,0.02214363,0.01100031,0.03133944,0.01549401
step16,16,MLP_OUT,0.0110866,0.02209717,0.01570317,0.03124169
step32,32,Q,0.0222756,0.02222824,0.03104292,0.03130879
step32,32,K,0.02202113,0.02208781,0.03106411,0.03133996
step32,32,V,0.02220344,0.02206689,0.03148945,0.03137047
step32,32,O,0.021914,0.02194903,0.03130849,0.03107781
step32,32,MLP_IN,0.02214343,0.01100023,0.03130866,0.01561367
step32,32,MLP_OUT,0.01108637,0.02209687,0.01563119,0.03111446
step64,64,Q,0.02227421,0.02222589,0.0314893,0.03130434
step64,64,K,0.02202271,0.02208846,0.03127727,0.03114215
step64,64,V,0.02220231,0.02206656,0.03105141,0.0313996
step64,64,O,0.02191215,0.02196131,0.03116272,0.03107567
step64,64,MLP_IN,0.02214331,0.01100002,0.03127123,0.01564246
step64,64,MLP_OUT,0.01108413,0.02209785,0.01564437,0.03123984
step128,128,Q,0.0222749,0.02222175,0.03156012,0.03150468
step128,128,K,0.02203049,0.02208605,0.0312783,0.0313767
step128,128,V,0.02219973,0.0220653,0.03126492,0.03124111
step128,128,O,0.02191644,0.02200538,0.03113138,0.0310985
step128,128,MLP_IN,0.02214054,0.01100073,0.03130302,0.01556107
step128,128,MLP_OUT,0.01109792,0.02215588,0.01561146,0.0312103
step256,256,Q,0.0223943,0.02222312,0.03159058,0.03147342
step256,256,K,0.02214315,0.02208081,0.03114185,0.0310583
step256,256,V,0.02220345,0.0220678,0.03129013,0.03129154
step256,256,O,0.02198845,0.02267525,0.03117073,0.03176506
step256,256,MLP_IN,0.02213851,0.01100504,0.03125152,0.0155794
step256,256,MLP_OUT,0.01120553,0.02258943,0.0156611,0.03159746
step512,512,Q,0.02549394,0.02234904,0.03367612,0.03138018
step512,512,K,0.02348394,0.02225379,0.03234984,0.03134061
step512,512,V,0.02233392,0.02210446,0.03167262,0.03121889
step512,512,O,0.0243236,0.03889496,0.03315724,0.04533315
step512,512,MLP_IN,0.02220642,0.01101902,0.03136383,0.01559695
step512,512,MLP_OUT,0.01219253,0.02864857,0.01648293,0.03630192
step1000,1000,Q,0.04319116,0.02349885,0.04900185,0.03257274
step1000,1000,K,0.0339738,0.02343755,0.04086765,0.03220539
step1000,1000,V,0.024415,0.02233058,0.03306655,0.03141637
step1000,1000,O,0.03458062,0.0974624,0.0415805,0.1003989
step1000,1000,MLP_IN,0.02309379,0.01136142,0.03196439,0.0158929
step1000,1000,MLP_OUT,0.0207241,0.05689502,0.02359514,0.06125962
step2000,2000,Q,0.0734619,0.03252385,0.07682046,0.03940262
step2000,2000,K,0.06394822,0.02965652,0.06768115,0.0370264
step2000,2000,V,0.0372513,0.02637862,0.0435403,0.03464133
step2000,2000,O,0.04286015,0.1379998,0.04905974,0.140156
step2000,2000,MLP_IN,0.02641495,0.01570825,0.03452809,0.01916878
step2000,2000,MLP_OUT,0.0309835,0.05764213,0.03295229,0.06177502
step3000,3000,Q,0.09065383,0.04226048,0.0935094,0.04811514
step3000,3000,K,0.0880346,0.03596562,0.09096589,0.04253458
step3000,3000,V,0.05335478,0.03675194,0.05817493,0.04304657
step3000,3000,O,0.0415354,0.1532966,0.04798525,0.154913
step3000,3000,MLP_IN,0.03004955,0.02114949,0.03741514,0.02386936
step3000,3000,MLP_OUT,0.03051706,0.0522514,0.03255138,0.05695269
step4000,4000,Q,0.1031893,0.04947203,0.1056238,0.05487127
step4000,4000,K,0.1063787,0.04110157,0.1084135,0.04715535
step4000,4000,V,0.06706843,0.05047771,0.07106979,0.05542045
step4000,4000,O,0.04140566,0.1531483,0.04789418,0.1547483
step4000,4000,MLP_IN,0.03424267,0.02598991,0.04110036,0.02839528
step4000,4000,MLP_OUT,0.03063514,0.05045464,0.03273518,0.05522205
step6000,6000,Q,0.1208889,0.05838618,0.1230788,0.06266432
step6000,6000,K,0.1326893,0.04777037,0.1349343,0.05301445
step6000,6000,V,0.08636414,0.07547102,0.08964131,0.07896277
step6000,6000,O,0.04367512,0.1425631,0.04966258,0.1444556
step6000,6000,MLP_IN,0.04148984,0.03369906,0.04736163,0.03553884
step6000,6000,MLP_OUT,0.0343011,0.05120548,0.03621912,0.05599428
step8000,8000,Q,0.1327851,0.06233894,0.1350099,0.06659829
step8000,8000,K,0.1504554,0.0511319,0.1522014,0.05607483
step8000,8000,V,0.09707223,0.09265675,0.09999539,0.09568019
step8000,8000,O,0.04691998,0.1310938,0.05222796,0.1332222
step8000,8000,MLP_IN,0.04724341,0.03884032,0.05269007,0.04046167
step8000,8000,MLP_OUT,0.03899201,0.05368904,0.04048183,0.05836181
step12000,12000,Q,0.1491546,0.06337128,0.150761,0.06729152
step12000,12000,K,0.1709138,0.05243019,0.172488,0.057537
step12000,12000,V,0.1053832,0.110151,0.1079827,0.1125929
step12000,12000,O,0.05281488,0.1156435,0.05794727,0.1179518
step12000,12000,MLP_IN,0.0563646,0.04410651,0.06110859,0.04551063
step12000,12000,MLP_OUT,0.04703065,0.05959589,0.04853023,0.06387415
step16000,16000,Q,0.1604677,0.06310991,0.1620315,0.06726705
step16000,16000,K,0.1808367,0.05091943,0.1821192,0.0562586
step16000,16000,V,0.1072969,0.1166003,0.1099146,0.118836
step16000,16000,O,0.05733819,0.1071473,0.06156778,0.1094359
step16000,16000,MLP_IN,0.0627418,0.04632495,0.06709158,0.04779493
step16000,16000,MLP_OUT,0.05259988,0.06514847,0.05374922,0.06901465
step24000,24000,Q,0.1774089,0.0646506,0.1789508,0.06920945
step24000,24000,K,0.1890409,0.04644404,0.1905,0.05226742
step24000,24000,V,0.1073212,0.1188838,0.1098233,0.1211463
step24000,24000,O,0.06260293,0.09967002,0.06677258,0.1024321
step24000,24000,MLP_IN,0.07083272,0.04749681,0.07493221,0.04887893
step24000,24000,MLP_OUT,0.05939095,0.07408291,0.06053964,0.07766292
step32000,32000,Q,0.1936529,0.06871088,0.1946418,0.07268172
step32000,32000,K,0.1935826,0.04411154,0.1947962,0.05011244
step32000,32000,V,0.1063813,0.117665,0.1093005,0.1199405
step32000,32000,O,0.06526886,0.09751451,0.06895725,0.1002786
step32000,32000,MLP_IN,0.07606206,0.04725865,0.08002951,0.04883617
step32000,32000,MLP_OUT,0.0626966,0.08075135,0.06393528,0.08426582
step48000,48000,Q,0.2242502,0.07799515,0.2256551,0.08208077
step48000,48000,K,0.2022217,0.04494413,0.2035015,0.05100086
step48000,48000,V,0.1024675,0.1155181,0.1050275,0.1177935
step48000,48000,O,0.06730963,0.09386484,0.07107865,0.09670704
step48000,48000,MLP_IN,0.0829778,0.04587733,0.08654472,0.04752513
step48000,48000,MLP_OUT,0.06518945,0.08980348,0.06629722,0.09292576
step64000,64000,Q,0.2781293,0.09634815,0.2791303,0.1005218
step64000,64000,K,0.2146864,0.05028928,0.2156484,0.05620568
step64000,64000,V,0.1069317,0.1180768,0.1095728,0.1203349
step64000,64000,O,0.06927452,0.0996225,0.0728743,0.1021826
step64000,64000,MLP_IN,0.08927921,0.0450109,0.09260983,0.04667725
step64000,64000,MLP_OUT,0.06605536,0.09576346,0.06705902,0.09885519
step96000,96000,Q,0.4017533,0.135229,0.4022854,0.1399278
step96000,96000,K,0.2480847,0.06339779,0.2493134,0.06891082
step96000,96000,V,0.1195414,0.129142,0.1221668,0.131283
step96000,96000,O,0.07968275,0.1215266,0.08367435,0.1240518
step96000,96000,MLP_IN,0.0995929,0.04467183,0.1023134,0.04653483
step96000,96000,MLP_OUT,0.06830384,0.1022159,0.06960937,0.1051015
step128000,128000,Q,0.4770969,0.154574,0.4783677,0.1599778
step128000,128000,K,0.2699794,0.07079614,0.2712122,0.07631965
step128000,128000,V,0.1234182,0.1319808,0.1255221,0.1340881
step128000,128000,O,0.08973739,0.132276,0.09332662,0.1345898
step128000,128000,MLP_IN,0.1064729,0.04478236,0.1092559,0.0464553
step128000,128000,MLP_OUT,0.06961011,0.1034759,0.07087865,0.1062854
step143000,143000,Q,0.4894896,0.1566833,0.4904611,0.1627247
step143000,143000,K,0.2762857,0.07216162,0.277731,0.07719387
step143000,143000,V,0.124071,0.1332261,0.1263093,0.1353605
step143000,143000,O,0.09223401,0.1346736,0.09560187,0.1372255
step143000,143000,MLP_IN,0.1076976,0.0443767,0.1106483,0.04633241
step143000,143000,MLP_OUT,0.07045601,0.1034771,0.07147168,0.1061544
