"model","r","g"
"dppGauss",0.01,4.91977906670327e-05
"dppGauss",0.07,0.00240784751837197
"dppGauss",0.13,0.00828016021338462
"dppGauss",0.19,0.0176040452615133
"dppGauss",0.25,0.0302814222144623
"dppGauss",0.31,0.0461799382886077
"dppGauss",0.37,0.0651352684108243
"dppGauss",0.43,0.086953941923351
"dppGauss",0.49,0.111416627970569
"dppGauss",0.55,0.138281801600204
"dppGauss",0.61,0.167289704995752
"dppGauss",0.67,0.198166513203543
"dppGauss",0.73,0.230628611320885
"dppGauss",0.79,0.264386890370604
"dppGauss",0.85,0.299150971909203
"dppGauss",0.91,0.334633276622615
"dppGauss",0.97,0.370552859500921
"dppGauss",1.03,0.406638943334179
"dppGauss",1.09,0.442634092869722
"dppGauss",1.15,0.478296983618625
"dppGauss",1.21,0.513404731581124
"dppGauss",1.27,0.54775476266403
"dppGauss",1.33,0.581166212889881
"dppGauss",1.39,0.613480862280215
"dppGauss",1.45,0.644563616208392
"dppGauss",1.51,0.674302557786674
"dppGauss",1.57,0.702608603261792
"dppGauss",1.63,0.729414799288986
"dppGauss",1.69,0.754675306245525
"dppGauss",1.75,0.778364115401618
"dppGauss",1.81,0.800473549817355
"dppGauss",1.87,0.821012599358806
"dppGauss",1.93,0.840005139348268
"dppGauss",1.99,0.857488080242378
"dppGauss",2.05,0.873509492552987
"dppGauss",2.11,0.888126747191789
"dppGauss",2.17,0.901404706741014
"dppGauss",2.23,0.913413998038492
"dppGauss",2.29,0.924229391117165
"dppGauss",2.35,0.933928304143075
"dppGauss",2.41,0.942589448718401
"dppGauss",2.47,0.950291624900118
"dppGauss",2.53,0.957112670647149
"dppGauss",2.59,0.963128566239315
"dppGauss",2.65,0.968412690572869
"dppGauss",2.71,0.97303522316731
"dppGauss",2.77,0.977062683230033
"dppGauss",2.83,0.980557595211994
"dppGauss",2.89,0.983578268923951
"dppGauss",2.95,0.986178681429466
"dppGauss",3.01,0.988408447537603
"dppGauss",3.07,0.990312865727304
"dppGauss",3.13,0.991933026684773
"dppGauss",3.19,0.993305972261435
"dppGauss",3.25,0.994464893500769
"dppGauss",3.31,0.995439357378266
"dppGauss",3.37,0.996255552995422
"dppGauss",3.43,0.996936549117288
"dppGauss",3.49,0.997502556101611
"dppGauss",3.55,0.997971186400821
"dppGauss",3.61,0.998357708897959
"dppGauss",3.67,0.998675293342514
"dppGauss",3.73,0.998935242067099
"dppGauss",3.79,0.999147206981244
"dppGauss",3.85,0.999319390549911
"dppGauss",3.91,0.999458730071177
"dppGauss",3.97,0.99957106507292
"dppGauss",4.03,0.999661288057883
"dppGauss",4.09,0.999733479147742
"dppGauss",4.15,0.999791025418515
"dppGauss",4.21,0.9998367258914
"dppGauss",4.27,0.999872883254564
"dppGauss",4.33,0.999901383452224
"dppGauss",4.39,0.999923764296558
"dppGauss",4.45,0.999941274244166
"dppGauss",4.51,0.999954922439524
"dppGauss",4.57,0.999965521069916
"dppGauss",4.63,0.999973721005543
"dppGauss",4.69,0.999980041619765
"dppGauss",4.75,0.999984895601756
"dppGauss",4.81,0.999988609490524
"dppGauss",4.87,0.999991440577617
"dppGauss",4.93,0.99999359074792
"dppGauss",4.99,0.999995217754862
"dppGauss",5.05,0.999996444359027
"dppGauss",5.11,0.999997365698032
"dppGauss",5.17,0.999998055200666
"dppGauss",5.23,0.999998569309727
"dppGauss",5.29,0.999998951235356
"dppGauss",5.35,0.99999923392368
"dppGauss",5.41,0.99999944239376
"dppGauss",5.47,0.999999595568664
"dppGauss",5.53,0.999999707703539
"dppGauss",5.59,0.999999789494279
"dppGauss",5.65,0.999999848934311
"dppGauss",5.71,0.999999891973736
"dppGauss",5.77,0.999999923024156
"dppGauss",5.83,0.999999945343584
"dppGauss",5.89,0.999999961328641
"dppGauss",5.95,0.99999997273539
"dppGauss",6.01,0.999999980845503
"dppGauss",6.07,0.999999986590772
"dppGauss",6.13,0.999999990645978
"dppGauss",6.19,0.999999993497885
"dppGauss",6.25,0.999999995496269
"dppGauss",6.31,0.999999996891493
"dppGauss",6.37,0.999999997862073
"dppGauss",6.43,0.999999998534805
"dppGauss",6.49,0.999999998999402
"dppGauss",6.55,0.999999999319097
"dppGauss",6.61,0.999999999538287
"dppGauss",6.67,0.999999999688024
"dppGauss",6.73,0.999999999789946
"dppGauss",6.79,0.99999999985907
"dppGauss",6.85,0.999999999905781
"dppGauss",6.91,0.999999999937233
"dppGauss",6.97,0.999999999958333
"dppGauss",7.03,0.999999999972438
"dppGauss",7.09,0.999999999981833
"dppGauss",7.15,0.999999999988068
"dppGauss",7.21,0.99999999999219
"dppGauss",7.27,0.999999999994907
"dppGauss",7.33,0.99999999999669
"dppGauss",7.39,0.999999999997857
"dppGauss",7.45,0.999999999998617
"dppGauss",7.51,0.999999999999111
"dppGauss",7.57,0.99999999999943
"dppGauss",7.63,0.999999999999636
"dppGauss",7.69,0.999999999999769
"dppGauss",7.75,0.999999999999853
"dppGauss",7.81,0.999999999999907
"dppGauss",7.87,0.999999999999942
"dppGauss",7.93,0.999999999999963
"dppGauss",7.99,0.999999999999977
"dppGauss",8.05,0.999999999999986
"dppGauss",8.11,0.999999999999991
"dppGauss",8.17,0.999999999999995
"dppGauss",8.23,0.999999999999997
"dppGauss",8.29,0.999999999999998
"dppGauss",8.35,0.999999999999999
"dppGauss",8.41,0.999999999999999
"dppGauss",8.47,1
"dppGauss",8.53,1
"dppGauss",8.59,1
"dppGauss",8.65,1
"dppGauss",8.71,1
"dppGauss",8.77,1
"dppGauss",8.83,1
"dppGauss",8.89,1
"dppGauss",8.95,1
"dppGauss",9.01,1
"dppGauss",9.07,1
"dppGauss",9.13,1
"dppGauss",9.19,1
"dppGauss",9.25,1
"dppGauss",9.31,1
"dppGauss",9.37,1
"dppGauss",9.43,1
"dppGauss",9.49,1
"dppGauss",9.55,1
"dppGauss",9.61,1
"dppGauss",9.67,1
"dppGauss",9.73,1
"dppGauss",9.79,1
"dppGauss",9.85,1
"dppGauss",9.91,1
"dppGauss",9.97,1
"dppGauss",10.03,1
"dppGauss",10.09,1
"dppGauss",10.15,1
"dppGauss",10.21,1
"dppGauss",10.27,1
"dppGauss",10.33,1
"dppGauss",10.39,1
"dppGauss",10.45,1
"dppGauss",10.51,1
"dppGauss",10.57,1
"dppGauss",10.63,1
"dppGauss",10.69,1
"dppGauss",10.75,1
"dppGauss",10.81,1
"dppGauss",10.87,1
"dppGauss",10.93,1
"dppGauss",10.99,1
"dppGauss",11.05,1
"dppGauss",11.11,1
"dppGauss",11.17,1
"dppGauss",11.23,1
"dppGauss",11.29,1
"dppGauss",11.35,1
"dppGauss",11.41,1
"dppGauss",11.47,1
"dppGauss",11.53,1
"dppGauss",11.59,1
"dppGauss",11.65,1
"dppGauss",11.71,1
"dppGauss",11.77,1
"dppGauss",11.83,1
"dppGauss",11.89,1
"dppGauss",11.95,1
"dppCauchy",0.01,5.99081620606956e-05
"dppCauchy",0.07,0.00293090710074073
"dppCauchy",0.13,0.010069193395554
"dppCauchy",0.19,0.0213749202621836
"dppCauchy",0.25,0.0366912406588848
"dppCauchy",0.31,0.0558082155826142
"dppCauchy",0.37,0.0784679732736966
"dppCauchy",0.43,0.104370929572643
"dppCauchy",0.49,0.133182845485012
"dppCauchy",0.55,0.164542474810392
"dppCauchy",0.61,0.198069543231793
"dppCauchy",0.67,0.233372800579744
"dppCauchy",0.73,0.270057899436831
"dppCauchy",0.79,0.307734874590403
"dppCauchy",0.85,0.346025027349962
"dppCauchy",0.91,0.384567054364362
"dppCauchy",0.97,0.423022300069073
"dppCauchy",1.03,0.461079053012934
"dppCauchy",1.09,0.49845584692786
"dppCauchy",1.15,0.534903765628463
"dppCauchy",1.21,0.570207785108512
"dppCauchy",1.27,0.604187215374148
"dppCauchy",1.33,0.636695327868091
"dppCauchy",1.39,0.667618271447465
"dppCauchy",1.45,0.696873390802929
"dppCauchy",1.51,0.724407066288325
"dppCauchy",1.57,0.750192193958329
"dppCauchy",1.63,0.774225419955426
"dppCauchy",1.69,0.796524235122334
"dppCauchy",1.75,0.817124024757152
"dppCauchy",1.81,0.836075155673348
"dppCauchy",1.87,0.85344016900872
"dppCauchy",1.93,0.869291133281615
"dppCauchy",1.99,0.883707198634561
"dppCauchy",2.05,0.896772380520129
"dppCauchy",2.11,0.908573589626032
"dppCauchy",2.17,0.919198914837083
"dppCauchy",2.23,0.928736157611155
"dppCauchy",2.29,0.937271609330655
"dppCauchy",2.35,0.944889057930392
"dppCauchy",2.41,0.951669006289659
"dppCauchy",2.47,0.95768808236336
"dppCauchy",2.53,0.963018619642763
"dppCauchy",2.59,0.96772838609858
"dppCauchy",2.65,0.971880440085862
"dppCauchy",2.71,0.975533092608295
"dppCauchy",2.77,0.978739956690278
"dppCauchy",2.83,0.981550066248405
"dppCauchy",2.89,0.984008048669664
"dppCauchy",2.95,0.98615433719253
"dppCauchy",3.01,0.988025411070179
"dppCauchy",3.07,0.989654053311681
"dppCauchy",3.13,0.99106961750352
"dppCauchy",3.19,0.992298296780669
"dppCauchy",3.25,0.993363389426344
"dppCauchy",3.31,0.994285556824917
"dppCauchy",3.37,0.995083070573218
"dppCauchy",3.43,0.995772046477408
"dppCauchy",3.49,0.996366663935429
"dppCauchy",3.55,0.996879369841207
"dppCauchy",3.61,0.997321066660157
"dppCauchy",3.67,0.997701284730597
"dppCauchy",3.73,0.998028339156847
"dppCauchy",3.79,0.998309471890883
"dppCauchy",3.85,0.998550979763265
"dppCauchy",3.91,0.998758329332489
"dppCauchy",3.97,0.998936259485329
"dppCauchy",4.03,0.999088872748403
"dppCauchy",4.09,0.999219716271037
"dppCauchy",4.15,0.999331853418271
"dppCauchy",4.21,0.999427926876231
"dppCauchy",4.27,0.999510214124674
"dppCauchy",4.33,0.999580676077185
"dppCauchy",4.39,0.999640999631199
"dppCauchy",4.45,0.999692634810077
"dppCauchy",4.51,0.999736827119798
"dppCauchy",4.57,0.999774645684632
"dppCauchy",4.63,0.99980700767049
"dppCauchy",4.69,0.999834699452097
"dppCauchy",4.75,0.999858394931159
"dppCauchy",4.81,0.999878671367433
"dppCauchy",4.87,0.999896023043194
"dppCauchy",4.93,0.999910873043947
"dppCauchy",4.99,0.999923583404221
"dppCauchy",5.05,0.999934463836754
"dppCauchy",5.11,0.99994377923608
"dppCauchy",5.17,0.999951756123261
"dppCauchy",5.23,0.999958588177005
"dppCauchy",5.29,0.999964440977417
"dppCauchy",5.35,0.999969456071926
"dppCauchy",5.41,0.999973754458272
"dppCauchy",5.47,0.99997743956662
"dppCauchy",5.53,0.999980599811671
"dppCauchy",5.59,0.999983310775891
"dppCauchy",5.65,0.999985637076524
"dppCauchy",5.71,0.99998763396168
"dppCauchy",5.77,0.999989348674476
"dppCauchy",5.83,0.999990821618653
"dppCauchy",5.89,0.999992087354384
"dppCauchy",5.95,0.999993175448898
"dppCauchy",6.01,0.999994111202982
"dppCauchy",6.07,0.999994916271448
"dppCauchy",6.13,0.999995609192997
"dppCauchy",6.19,0.999996205842717
"dppCauchy",6.25,0.999996719818501
"dppCauchy",6.31,0.999997162771068
"dppCauchy",6.37,0.999997544685813
"dppCauchy",6.43,0.999997874123556
"dppCauchy",6.49,0.9999981584262
"dppCauchy",6.55,0.999998403892437
"dppCauchy",6.61,0.999998615927889
"dppCauchy",6.67,0.999998799173422
"dppCauchy",6.73,0.999998957614834
"dppCauchy",6.79,0.999999094676635
"dppCauchy",6.85,0.999999213302246
"dppCauchy",6.91,0.999999316022604
"dppCauchy",6.97,0.999999405014861
"dppCauchy",7.03,0.999999482152619
"dppCauchy",7.09,0.99999954904894
"dppCauchy",7.15,0.999999607093175
"dppCauchy",7.21,0.999999657482519
"dppCauchy",7.27,0.99999970124904
"dppCauchy",7.33,0.999999739282863
"dppCauchy",7.39,0.999999772352033
"dppCauchy",7.45,0.99999980111957
"dppCauchy",7.51,0.999999826158094
"dppCauchy",7.57,0.999999847962383
"dppCauchy",7.63,0.999999866960155
"dppCauchy",7.69,0.999999883521338
"dppCauchy",7.75,0.999999897966025
"dppCauchy",7.81,0.999999910571327
"dppCauchy",7.87,0.99999992157726
"dppCauchy",7.93,0.99999993119181
"dppCauchy",7.99,0.999999939595295
"dppCauchy",8.05,0.999999946944128
"dppCauchy",8.11,0.999999953374048
"dppCauchy",8.17,0.999999959002912
"dppCauchy",8.23,0.999999963933103
"dppCauchy",8.29,0.999999968253606
"dppCauchy",8.35,0.999999972041798
"dppCauchy",8.41,0.999999975364997
"dppCauchy",8.47,0.999999978281801
"dppCauchy",8.53,0.999999980843239
"dppCauchy",8.59,0.999999983093774
"dppCauchy",8.65,0.999999985072166
"dppCauchy",8.71,0.999999986812223
"dppCauchy",8.77,0.999999988343445
"dppCauchy",8.83,0.999999989691586
"dppCauchy",8.89,0.999999990879145
"dppCauchy",8.95,0.999999991925783
"dppCauchy",9.01,0.999999992848691
"dppCauchy",9.07,0.999999993662909
"dppCauchy",9.13,0.9999999943816
"dppCauchy",9.19,0.99999999501629
"dppCauchy",9.25,0.999999995577079
"dppCauchy",9.31,0.999999996072818
"dppCauchy",9.37,0.999999996511272
"dppCauchy",9.43,0.999999996899251
"dppCauchy",9.49,0.999999997242736
"dppCauchy",9.55,0.999999997546979
"dppCauchy",9.61,0.999999997816595
"dppCauchy",9.67,0.999999998055641
"dppCauchy",9.73,0.999999998267686
"dppCauchy",9.79,0.999999998455871
"dppCauchy",9.85,0.99999999862296
"dppCauchy",9.91,0.999999998771389
"dppCauchy",9.97,0.999999998903305
"dppCauchy",10.03,0.999999999020601
"dppCauchy",10.09,0.999999999124946
"dppCauchy",10.15,0.999999999217813
"dppCauchy",10.21,0.999999999300504
"dppCauchy",10.27,0.999999999374167
"dppCauchy",10.33,0.999999999439819
"dppCauchy",10.39,0.999999999498357
"dppCauchy",10.45,0.999999999550577
"dppCauchy",10.51,0.999999999597181
"dppCauchy",10.57,0.999999999638793
"dppCauchy",10.63,0.999999999675963
"dppCauchy",10.69,0.999999999709181
"dppCauchy",10.75,0.999999999738879
"dppCauchy",10.81,0.999999999765444
"dppCauchy",10.87,0.999999999789215
"dppCauchy",10.93,0.999999999810496
"dppCauchy",10.99,0.999999999829556
"dppCauchy",11.05,0.999999999846634
"dppCauchy",11.11,0.999999999861943
"dppCauchy",11.17,0.999999999875672
"dppCauchy",11.23,0.999999999887989
"dppCauchy",11.29,0.999999999899044
"dppCauchy",11.35,0.99999999990897
"dppCauchy",11.41,0.999999999917888
"dppCauchy",11.47,0.999999999925901
"dppCauchy",11.53,0.999999999933106
"dppCauchy",11.59,0.999999999939586
"dppCauchy",11.65,0.999999999945416
"dppCauchy",11.71,0.999999999950665
"dppCauchy",11.77,0.999999999955391
"dppCauchy",11.83,0.999999999959648
"dppCauchy",11.89,0.999999999963486
"dppCauchy",11.95,0.999999999966945
"dppMatern",0.01,5.08053533677666e-05
"dppMatern",0.07,0.00248637865317625
"dppMatern",0.13,0.00854895858385907
"dppMatern",0.19,0.0181712712021768
"dppMatern",0.25,0.0312471402880291
"dppMatern",0.31,0.047633469870951
"dppMatern",0.37,0.0671528931576347
"dppMatern",0.43,0.089597018171738
"dppMatern",0.49,0.11473018575127
"dppMatern",0.55,0.142293643743205
"dppMatern",0.61,0.172010032635644
"dppMatern",0.67,0.203588072689146
"dppMatern",0.73,0.236727340946409
"dppMatern",0.79,0.271123028252431
"dppMatern",0.85,0.306470571414407
"dppMatern",0.91,0.342470063565221
"dppMatern",0.97,0.378830356260495
"dppMatern",1.03,0.41527277935499
"dppMatern",1.09,0.4515344187354
"dppMatern",1.15,0.487370906971917
"dppMatern",1.21,0.522558697327627
"dppMatern",1.27,0.556896806791412
"dppMatern",1.33,0.590208028378424
"dppMatern",1.39,0.622339626434283
"dppMatern",1.45,0.653163540720819
"dppMatern",1.51,0.682576135371555
"dppMatern",1.57,0.710497537190425
"dppMatern",1.63,0.736870614122113
"dppMatern",1.69,0.761659649025125
"dppMatern",1.75,0.784848766184994
"dppMatern",1.81,0.806440168437546
"dppMatern",1.87,0.826452241509056
"dppMatern",1.93,0.844917579442052
"dppMatern",1.99,0.86188098101183
"dppMatern",2.05,0.877397462114888
"dppMatern",2.11,0.891530323494916
"dppMatern",2.17,0.904349307126024
"dppMatern",2.23,0.915928868340483
"dppMatern",2.29,0.926346584589447
"dppMatern",2.35,0.935681715749839
"dppMatern",2.41,0.944013925295967
"dppMatern",2.47,0.951422166562654
"dppMatern",2.53,0.957983733825622
"dppMatern",2.59,0.963773474069295
"dppMatern",2.65,0.968863152126847
"dppMatern",2.71,0.973320959360083
"dppMatern",2.77,0.977211154173291
"dppMatern",2.83,0.980593821382817
"dppMatern",2.89,0.983524736736827
"dppMatern",2.95,0.986055322631968
"dppMatern",3.01,0.988232681234657
"dppMatern",3.07,0.9900996917119
"dppMatern",3.13,0.991695159038393
"dppMatern",3.19,0.993054002805309
"dppMatern",3.25,0.994207475549074
"dppMatern",3.31,0.995183401289925
"dppMatern",3.37,0.996006426171792
"dppMatern",3.43,0.9966982742867
"dppMatern",3.49,0.997278002915889
"dppMatern",3.55,0.997762252501147
"dppMatern",3.61,0.998165487655388
"dppMatern",3.67,0.998500226419388
"dppMatern",3.73,0.998777255765427
"dppMatern",3.79,0.999005832036502
"dppMatern",3.85,0.999193865593575
"dppMatern",3.91,0.999348089427813
"dppMatern",3.97,0.999474211886669
"dppMatern",4.03,0.999577053970405
"dppMatern",4.09,0.999660671888209
"dppMatern",4.15,0.999728465730102
"dppMatern",4.21,0.999783275221662
"dppMatern",4.27,0.999827463592442
"dppMatern",4.33,0.999862990614278
"dppMatern",4.39,0.999891475860344
"dppMatern",4.45,0.999914253206671
"dppMatern",4.51,0.999932417551204
"dppMatern",4.57,0.999946864666322
"dppMatern",4.63,0.999958325033709
"dppMatern",4.69,0.999967392438967
"dppMatern",4.75,0.999974548030457
"dppMatern",4.81,0.999980180474643
"dppMatern",4.87,0.999984602770511
"dppMatern",4.93,0.999988066219581
"dppMatern",4.99,0.999990771986482
"dppMatern",5.05,0.99999288062847
"dppMatern",5.11,0.999994519920892
"dppMatern",5.17,0.99999579125946
"dppMatern",5.23,0.999996774879141
"dppMatern",5.29,0.99999753409324
"dppMatern",5.35,0.999998118724658
"dppMatern",5.41,0.999998567873742
"dppMatern",5.47,0.99999891214353
"dppMatern",5.53,0.999999175422861
"dppMatern",5.59,0.999999376310593
"dppMatern",5.65,0.999999529249536
"dppMatern",5.71,0.999999645426465
"dppMatern",5.77,0.999999733484271
"dppMatern",5.83,0.999999800083763
"dppMatern",5.89,0.999999850345544
"dppMatern",5.95,0.999999888196552
"dppMatern",6.01,0.99999991664105
"dppMatern",6.07,0.999999937971935
"dppMatern",6.13,0.999999953935051
"dppMatern",6.19,0.999999965856609
"dppMatern",6.25,0.999999974741725
"dppMatern",6.31,0.999999981350427
"dppMatern",6.37,0.999999986256118
"dppMatern",6.43,0.999999989890439
"dppMatern",6.49,0.999999992577596
"dppMatern",6.55,0.999999994560572
"dppMatern",6.61,0.999999996021081
"dppMatern",6.67,0.999999997094727
"dppMatern",6.73,0.99999999788249
"dppMatern",6.79,0.999999998459408
"dppMatern",6.85,0.99999999888113
"dppMatern",6.91,0.999999999188836
"dppMatern",6.97,0.999999999412943
"dppMatern",7.03,0.999999999575867
"dppMatern",7.09,0.9999999996941
"dppMatern",7.15,0.999999999779749
"dppMatern",7.21,0.999999999841683
"dppMatern",7.27,0.999999999886392
"dppMatern",7.33,0.99999999991861
"dppMatern",7.39,0.999999999941787
"dppMatern",7.45,0.999999999958431
"dppMatern",7.51,0.999999999970365
"dppMatern",7.57,0.999999999978906
"dppMatern",7.63,0.99999999998501
"dppMatern",7.69,0.999999999989364
"dppMatern",7.75,0.999999999992465
"dppMatern",7.81,0.99999999999467
"dppMatern",7.87,0.999999999996236
"dppMatern",7.93,0.999999999997346
"dppMatern",7.99,0.999999999998131
"dppMatern",8.05,0.999999999998686
"dppMatern",8.11,0.999999999999078
"dppMatern",8.17,0.999999999999353
"dppMatern",8.23,0.999999999999547
"dppMatern",8.29,0.999999999999684
"dppMatern",8.35,0.999999999999779
"dppMatern",8.41,0.999999999999846
"dppMatern",8.47,0.999999999999893
"dppMatern",8.53,0.999999999999926
"dppMatern",8.59,0.999999999999948
"dppMatern",8.65,0.999999999999964
"dppMatern",8.71,0.999999999999975
"dppMatern",8.77,0.999999999999983
"dppMatern",8.83,0.999999999999988
"dppMatern",8.89,0.999999999999992
"dppMatern",8.95,0.999999999999994
"dppMatern",9.01,0.999999999999996
"dppMatern",9.07,0.999999999999997
"dppMatern",9.13,0.999999999999998
"dppMatern",9.19,0.999999999999999
"dppMatern",9.25,0.999999999999999
"dppMatern",9.31,0.999999999999999
"dppMatern",9.37,1
"dppMatern",9.43,1
"dppMatern",9.49,1
"dppMatern",9.55,1
"dppMatern",9.61,1
"dppMatern",9.67,1
"dppMatern",9.73,1
"dppMatern",9.79,1
"dppMatern",9.85,1
"dppMatern",9.91,1
"dppMatern",9.97,1
"dppMatern",10.03,1
"dppMatern",10.09,1
"dppMatern",10.15,1
"dppMatern",10.21,1
"dppMatern",10.27,1
"dppMatern",10.33,1
"dppMatern",10.39,1
"dppMatern",10.45,1
"dppMatern",10.51,1
"dppMatern",10.57,1
"dppMatern",10.63,1
"dppMatern",10.69,1
"dppMatern",10.75,1
"dppMatern",10.81,1
"dppMatern",10.87,1
"dppMatern",10.93,1
"dppMatern",10.99,1
"dppMatern",11.05,1
"dppMatern",11.11,1
"dppMatern",11.17,1
"dppMatern",11.23,1
"dppMatern",11.29,1
"dppMatern",11.35,1
"dppMatern",11.41,1
"dppMatern",11.47,1
"dppMatern",11.53,1
"dppMatern",11.59,1
"dppMatern",11.65,1
"dppMatern",11.71,1
"dppMatern",11.77,1
"dppMatern",11.83,1
"dppMatern",11.89,1
"dppMatern",11.95,1
"Thomas",0.01,1.00000000543804
"Thomas",0.07,1.00000000543804
"Thomas",0.13,1.00000000543804
"Thomas",0.19,1.00000000543804
"Thomas",0.25,1.00000000543804
"Thomas",0.31,1.00000000543804
"Thomas",0.37,1.00000000543804
"Thomas",0.43,1.00000000543804
"Thomas",0.49,1.00000000543804
"Thomas",0.55,1.00000000543804
"Thomas",0.61,1.00000000543803
"Thomas",0.67,1.00000000543803
"Thomas",0.73,1.00000000543803
"Thomas",0.79,1.00000000543803
"Thomas",0.85,1.00000000543803
"Thomas",0.91,1.00000000543802
"Thomas",0.97,1.00000000543802
"Thomas",1.03,1.00000000543802
"Thomas",1.09,1.00000000543801
"Thomas",1.15,1.00000000543801
"Thomas",1.21,1.00000000543801
"Thomas",1.27,1.000000005438
"Thomas",1.33,1.000000005438
"Thomas",1.39,1.000000005438
"Thomas",1.45,1.00000000543799
"Thomas",1.51,1.00000000543799
"Thomas",1.57,1.00000000543798
"Thomas",1.63,1.00000000543798
"Thomas",1.69,1.00000000543797
"Thomas",1.75,1.00000000543797
"Thomas",1.81,1.00000000543796
"Thomas",1.87,1.00000000543796
"Thomas",1.93,1.00000000543795
"Thomas",1.99,1.00000000543795
"Thomas",2.05,1.00000000543794
"Thomas",2.11,1.00000000543794
"Thomas",2.17,1.00000000543793
"Thomas",2.23,1.00000000543792
"Thomas",2.29,1.00000000543792
"Thomas",2.35,1.00000000543791
"Thomas",2.41,1.0000000054379
"Thomas",2.47,1.0000000054379
"Thomas",2.53,1.00000000543789
"Thomas",2.59,1.00000000543788
"Thomas",2.65,1.00000000543788
"Thomas",2.71,1.00000000543787
"Thomas",2.77,1.00000000543786
"Thomas",2.83,1.00000000543785
"Thomas",2.89,1.00000000543784
"Thomas",2.95,1.00000000543784
"Thomas",3.01,1.00000000543783
"Thomas",3.07,1.00000000543782
"Thomas",3.13,1.00000000543781
"Thomas",3.19,1.0000000054378
"Thomas",3.25,1.00000000543779
"Thomas",3.31,1.00000000543778
"Thomas",3.37,1.00000000543777
"Thomas",3.43,1.00000000543776
"Thomas",3.49,1.00000000543775
"Thomas",3.55,1.00000000543774
"Thomas",3.61,1.00000000543773
"Thomas",3.67,1.00000000543772
"Thomas",3.73,1.00000000543771
"Thomas",3.79,1.0000000054377
"Thomas",3.85,1.00000000543769
"Thomas",3.91,1.00000000543768
"Thomas",3.97,1.00000000543767
"Thomas",4.03,1.00000000543766
"Thomas",4.09,1.00000000543764
"Thomas",4.15,1.00000000543763
"Thomas",4.21,1.00000000543762
"Thomas",4.27,1.00000000543761
"Thomas",4.33,1.0000000054376
"Thomas",4.39,1.00000000543758
"Thomas",4.45,1.00000000543757
"Thomas",4.51,1.00000000543756
"Thomas",4.57,1.00000000543755
"Thomas",4.63,1.00000000543753
"Thomas",4.69,1.00000000543752
"Thomas",4.75,1.00000000543751
"Thomas",4.81,1.00000000543749
"Thomas",4.87,1.00000000543748
"Thomas",4.93,1.00000000543746
"Thomas",4.99,1.00000000543745
"Thomas",5.05,1.00000000543744
"Thomas",5.11,1.00000000543742
"Thomas",5.17,1.00000000543741
"Thomas",5.23,1.00000000543739
"Thomas",5.29,1.00000000543738
"Thomas",5.35,1.00000000543736
"Thomas",5.41,1.00000000543735
"Thomas",5.47,1.00000000543733
"Thomas",5.53,1.00000000543732
"Thomas",5.59,1.0000000054373
"Thomas",5.65,1.00000000543728
"Thomas",5.71,1.00000000543727
"Thomas",5.77,1.00000000543725
"Thomas",5.83,1.00000000543723
"Thomas",5.89,1.00000000543722
"Thomas",5.95,1.0000000054372
"Thomas",6.01,1.00000000543718
"Thomas",6.07,1.00000000543717
"Thomas",6.13,1.00000000543715
"Thomas",6.19,1.00000000543713
"Thomas",6.25,1.00000000543711
"Thomas",6.31,1.0000000054371
"Thomas",6.37,1.00000000543708
"Thomas",6.43,1.00000000543706
"Thomas",6.49,1.00000000543704
"Thomas",6.55,1.00000000543702
"Thomas",6.61,1.000000005437
"Thomas",6.67,1.00000000543699
"Thomas",6.73,1.00000000543697
"Thomas",6.79,1.00000000543695
"Thomas",6.85,1.00000000543693
"Thomas",6.91,1.00000000543691
"Thomas",6.97,1.00000000543689
"Thomas",7.03,1.00000000543687
"Thomas",7.09,1.00000000543685
"Thomas",7.15,1.00000000543683
"Thomas",7.21,1.00000000543681
"Thomas",7.27,1.00000000543679
"Thomas",7.33,1.00000000543677
"Thomas",7.39,1.00000000543674
"Thomas",7.45,1.00000000543672
"Thomas",7.51,1.0000000054367
"Thomas",7.57,1.00000000543668
"Thomas",7.63,1.00000000543666
"Thomas",7.69,1.00000000543664
"Thomas",7.75,1.00000000543661
"Thomas",7.81,1.00000000543659
"Thomas",7.87,1.00000000543657
"Thomas",7.93,1.00000000543655
"Thomas",7.99,1.00000000543653
"Thomas",8.05,1.0000000054365
"Thomas",8.11,1.00000000543648
"Thomas",8.17,1.00000000543646
"Thomas",8.23,1.00000000543643
"Thomas",8.29,1.00000000543641
"Thomas",8.35,1.00000000543639
"Thomas",8.41,1.00000000543636
"Thomas",8.47,1.00000000543634
"Thomas",8.53,1.00000000543631
"Thomas",8.59,1.00000000543629
"Thomas",8.65,1.00000000543626
"Thomas",8.71,1.00000000543624
"Thomas",8.77,1.00000000543621
"Thomas",8.83,1.00000000543619
"Thomas",8.89,1.00000000543616
"Thomas",8.95,1.00000000543614
"Thomas",9.01,1.00000000543611
"Thomas",9.07,1.00000000543609
"Thomas",9.13,1.00000000543606
"Thomas",9.19,1.00000000543604
"Thomas",9.25,1.00000000543601
"Thomas",9.31,1.00000000543598
"Thomas",9.37,1.00000000543596
"Thomas",9.43,1.00000000543593
"Thomas",9.49,1.0000000054359
"Thomas",9.55,1.00000000543588
"Thomas",9.61,1.00000000543585
"Thomas",9.67,1.00000000543582
"Thomas",9.73,1.00000000543579
"Thomas",9.79,1.00000000543576
"Thomas",9.85,1.00000000543574
"Thomas",9.91,1.00000000543571
"Thomas",9.97,1.00000000543568
"Thomas",10.03,1.00000000543565
"Thomas",10.09,1.00000000543562
"Thomas",10.15,1.00000000543559
"Thomas",10.21,1.00000000543557
"Thomas",10.27,1.00000000543554
"Thomas",10.33,1.00000000543551
"Thomas",10.39,1.00000000543548
"Thomas",10.45,1.00000000543545
"Thomas",10.51,1.00000000543542
"Thomas",10.57,1.00000000543539
"Thomas",10.63,1.00000000543536
"Thomas",10.69,1.00000000543533
"Thomas",10.75,1.0000000054353
"Thomas",10.81,1.00000000543527
"Thomas",10.87,1.00000000543523
"Thomas",10.93,1.0000000054352
"Thomas",10.99,1.00000000543517
"Thomas",11.05,1.00000000543514
"Thomas",11.11,1.00000000543511
"Thomas",11.17,1.00000000543508
"Thomas",11.23,1.00000000543505
"Thomas",11.29,1.00000000543501
"Thomas",11.35,1.00000000543498
"Thomas",11.41,1.00000000543495
"Thomas",11.47,1.00000000543492
"Thomas",11.53,1.00000000543488
"Thomas",11.59,1.00000000543485
"Thomas",11.65,1.00000000543482
"Thomas",11.71,1.00000000543478
"Thomas",11.77,1.00000000543475
"Thomas",11.83,1.00000000543472
"Thomas",11.89,1.00000000543468
"Thomas",11.95,1.00000000543465
