"r","g_iso"
0,0.00410328484731106
0.05,0.00842111731717776
0.1,0.0157524855020279
0.15,0.024622855567042
0.2,0.0352176591443653
0.25,0.0501457833010334
0.3,0.0707423926567618
0.35,0.0942446797901457
0.4,0.128418161460014
0.45,0.166309377959794
0.5,0.204306970633992
0.55,0.247090511958214
0.6,0.29161870856346
0.65,0.337475752422571
0.7,0.387179362834811
0.75,0.439650546419422
0.8,0.488638610529148
0.85,0.532061439750231
0.9,0.580671124148342
0.95,0.625916333231928
1,0.66321932495742
1.05,0.693878572302137
1.1,0.723483577270723
1.15,0.743890198315051
1.2,0.761493610044946
1.25,0.783456696393507
1.3,0.803139364491171
1.35,0.817646087990028
1.4,0.834098108465055
1.45,0.858894550698114
1.5,0.886431330905845
1.55,0.906549539588326
1.6,0.932922688417721
1.65,0.96447441810561
1.7,0.985752003062101
1.75,1.00246132312853
1.8,1.00934928036473
1.85,1.01182223974287
1.9,1.00798873600587
1.95,0.994722536662801
2,0.98432812337995
2.05,0.980561993298497
2.1,0.971671943417868
2.15,0.969262237042402
2.2,0.978716153605408
2.25,0.991009314606406
2.3,0.988969781943034
2.35,0.982823414984533
2.4,0.976131346788809
2.45,0.971040038808844
2.5,0.963040626182634
2.55,0.959286230847044
2.6,0.963638471666401
2.65,0.964505319253555
2.7,0.97202061775841
2.75,0.988424074387714
2.8,1.00581472851971
2.85,1.01851044758036
2.9,1.02423697452367
2.95,1.02390306002405
3,1.02240897081915
3.05,1.01594472757941
3.1,1.00356818082668
3.15,1.00148455026573
3.2,0.998508642018222
3.25,0.997179760312081
3.3,0.995158215114857
3.35,0.997903984936537
3.4,1.00320029540973
3.45,1.00547277335458
3.5,1.00144484751383
3.55,1.0003607490528
3.6,0.992424604162962
3.65,0.987259719865141
3.7,0.988547262940408
3.75,0.990239158560102
3.8,0.989784465894794
3.85,0.986115038844328
3.9,0.988551562160237
3.95,0.993363007374521
4,0.993321924867088
4.05,0.997206284565712
4.1,1.0029768066047
4.15,1.00738913377027
4.2,1.01313216152287
4.25,1.01899912790936
4.3,1.02478773836315
4.35,1.02227396152632
4.4,1.01516676099717
4.45,1.00913571991946
4.5,1.00478703911341
4.55,1.00314712149274
4.6,1.00243544232657
4.65,1.00286378322742
4.7,1.01009317178922
4.75,1.01803605647054
4.8,1.02416677478455
4.85,1.02465785954391
4.9,1.02275788994857
4.95,1.01772091159492
5,1.00981486605039
