"r","K_border","K_iso","K_trans"
0,0,0,0
0.05,0,0,0
0.1,0,0,0
0.15,0,0,0
0.2,0,0,0
0.25,0.00484881648376283,0.00480803897510733,0.00480803897510735
0.3,0.00486005794392611,0.00480803897510733,0.00480803897510735
0.35,0.0146253836731172,0.014424116925322,0.0144723329225654
0.4,0.0292961877924242,0.028848233850644,0.0290410978396174
0.45,0.0440468753423841,0.043272350775966,0.0436098627566694
0.5,0.0637721487774767,0.0625045066763953,0.0630551313687166
0.55,0.103096966876072,0.100968818477254,0.101905171147522
0.6,0.142706208453655,0.139433130278113,0.140836205816905
0.65,0.232190890835584,0.225977831830045,0.228370287655085
0.7,0.309007221867158,0.304352060222502,0.306252605716496
0.75,0.3918172581828,0.386088722799326,0.388991178750258
0.8,0.499238511401074,0.500782754716163,0.500867281618124
0.85,0.607480306802635,0.612310553757813,0.61278388193128
0.9,0.778627568883096,0.775783878911462,0.778871590716188
0.95,0.979830950691826,0.968105437915755,0.974580665192284
1,1.19824593283689,1.18151704353016,1.19001611542405
1.05,1.38607686146866,1.37148912934315,1.38119697987262
1.1,1.6491380900377,1.63420937874786,1.64617480859464
1.15,1.95863468134868,1.94645175778982,1.96039293628139
1.2,2.18358042333844,2.16454040169052,2.18140707349625
1.25,2.4793817969998,2.4526623408665,2.47136678027055
1.3,2.79933410670213,2.78067425822883,2.80074645931668
1.35,3.15726065539495,3.14256794313222,3.16460044288031
1.4,3.48301245598697,3.45723009349153,3.48424182809057
1.45,3.92928525924938,3.87969383337959,3.91310333975445
1.5,4.32588614459456,4.28018707429975,4.31794212919607
1.55,4.71410033203941,4.67064599130359,4.708498726485
1.6,5.17406186944869,5.15950739775126,5.18897842927765
1.65,5.60579071550449,5.59907858888482,5.63015077226979
1.7,6.12121057998865,6.12929418843514,6.16087816253955
1.75,6.73473151950978,6.75050750594711,6.7810522793849
1.8,7.20395475357259,7.233978212114,7.26252138764688
1.85,7.84786476530674,7.87438547767808,7.90803264349454
1.9,8.50868878362422,8.55696388085104,8.58889201803038
1.95,9.08309701749958,9.12403127699724,9.15542865804808
2,9.61343969293089,9.6541795632517,9.68273912155003
2.05,10.2666806718394,10.3242278280029,10.3511451647602
2.1,10.9002456795713,10.9649581400493,10.9907857063322
2.15,11.4726536218202,11.5587452981603,11.5807368495119
2.2,12.137988381257,12.1859868966988,12.2213001995806
2.25,12.8851416856248,12.9425363634831,12.9778804858293
2.3,13.5911052270218,13.6840923643208,13.7095555641136
2.35,14.2548739533982,14.3496845932473,14.3762893551088
2.4,15.0385893852551,15.0986734981345,15.1390241638834
2.45,15.8471776401609,15.9118725214063,15.9524570049095
2.5,16.5925042428383,16.7048539033872,16.735838208959
2.55,17.3293926074997,17.4129630570757,17.4495486072687
2.6,18.0289676320014,18.0712522381451,18.1195973236572
2.65,18.8107439144615,18.8315936928255,18.8864782646078
2.7,19.6970387982294,19.7024859138405,19.7602882587458
2.75,20.5499710655262,20.5547022291679,20.6142721561966
2.8,21.3823109300973,21.3505660590662,21.4186808177936
2.85,22.3809725637266,22.368197245486,22.4261489441604
2.9,23.2225685896978,23.2298445082201,23.2822406825257
2.95,24.1785204629614,24.2179403427118,24.2657701027614
3,25.1385239096432,25.2066633385163,25.2495929847954
3.05,26.1426064291336,26.1965297788135,26.2444387025301
3.1,27.096895774429,27.1414102034246,27.193686529316
3.15,28.0726337612474,28.1597004654148,28.2010880126517
3.2,28.9706267251427,29.071704813499,29.1134301622895
3.25,30.06796908373,30.1440442090984,30.1948801769064
3.3,31.0413649423393,31.0697130866614,31.1400204288743
3.35,32.034523945643,32.0651340059071,32.1418927053421
3.4,33.2551973959339,33.3139055211818,33.3848149265668
3.45,34.2959794987842,34.3463986965999,34.4186061561027
3.5,35.3619224054235,35.4327246494961,35.5039100622689
3.55,36.3572371608979,36.4540759831986,36.5183958888221
3.6,37.5232672007759,37.6277156915194,37.6822630529501
3.65,38.7707447574669,38.8488441487762,38.9028337973067
3.7,39.8852736408743,39.8810850353318,39.9610550783027
3.75,41.0324953715284,41.033005184403,41.1141851798849
3.8,42.2910195589993,42.2705199539263,42.3561610090475
3.85,43.3935133581387,43.3603571458986,43.4498184465213
3.9,44.638730491556,44.6240908930915,44.7150551957187
3.95,45.9193003398432,45.88002446105,45.9813388899247
4,47.1578351951147,47.1718522469505,47.2535165324775
4.05,48.3437706193067,48.3523591382799,48.4440610115319
4.1,49.5494869881102,49.5641934867738,49.6608868709354
4.15,50.9420395064263,50.8937502435389,51.0084868212847
4.2,52.2132586861015,52.197082748484,52.3046184654418
4.25,53.5291887841473,53.5399074284487,53.6440667221635
4.3,54.9759049226129,54.9968460018112,55.1000188863627
4.35,56.2981202718335,56.3967256634325,56.4747355788241
4.4,57.7073071264331,57.8174125374772,57.9030943289384
4.45,59.1760799325307,59.2078601112824,59.3174314033344
4.5,60.5019798864498,60.685359191079,60.7537516734906
4.55,61.911987705965,62.0730800767147,62.1546191117273
4.6,63.2493217180272,63.4393444726744,63.5145338803447
4.65,64.6618220445848,64.8728355254118,64.9432272955525
4.7,66.128224861548,66.3094293853677,66.3887558476803
4.75,67.7608444967873,67.9184001739672,68.0027959733311
4.8,69.3370363355086,69.4724381905622,69.560898432799
4.85,70.783745194127,70.9229531867188,71.0113131874511
4.9,72.4467713437054,72.538883521058,72.6426949006326
4.95,74.0733408861369,74.2886310541137,74.3493563154352
5,75.6272477191216,75.8735735718402,75.9312893927161
