x,y
-2.411145375031209781e+01,2.689133176581088946e+01
-2.563850698625989466e+01,-2.501878049972281559e+01
2.491394052867866193e+01,-2.594129322202383037e+01
-2.572767493966992092e+01,2.485992697678894459e+01
2.687943021878790262e+01,-2.371383740805145734e+01
-3.020341340147751907e+01,-1.937991149933019130e+01
-2.448644571496165767e+01,-2.571362388884524464e+01
-2.888105965517727114e+01,2.136602854461736811e+01
2.801407283169498896e+01,-2.222119250939111268e+01
2.947152857766378986e+01,-2.053080619063442214e+01
-2.078835573336462161e+01,-2.934485494585447896e+01
-3.199802552133063571e+01,1.679435320927181863e+01
2.080554496340285198e+01,2.936563353170316049e+01
3.270022559765930481e+01,1.526492144459161260e+01
-3.346364081906481402e+01,-1.377985303080328805e+01
-2.843938814687523120e+01,-2.150247791957049159e+01
-2.283469930126129199e+01,-2.695481508546731320e+01
-2.702934732958059527e+01,2.293654818558690778e+01
1.289431582763764794e+01,3.382095314429870569e+01
3.128788604741400192e+01,-1.744584840143242488e+01
2.712853824974344974e+01,2.249006501827803817e+01
2.468460984845171424e+01,2.504855051121732501e+01
-2.033867248147001305e+01,2.894873362175666287e+01
-2.221898012656675547e+01,2.740519247056756313e+01
-2.677156825027232401e+01,-2.263024460094828072e+01
-2.182116001630020463e+01,-2.733711698158632331e+01
-2.840460074549100256e+01,2.086700445080508715e+01
-2.712763019945795406e+01,2.212819117370551325e+01
-3.498386901363660684e+01,9.223736682789439811e+00
2.317695890065011000e+01,-2.567544946817245943e+01
3.598437338273325281e+01,-2.926633111923990338e+00
-3.449177799696922619e+01,-1.074915939719173608e+01
3.590296923702994292e+01,4.418479319133456151e+00
-3.611007688035221719e+01,-1.722329479991759893e+00
2.074159214888149094e+01,-2.826953569714164516e+01
2.469782776404848335e+01,-2.423171140725213490e+01
2.955085900437051905e+01,1.907052980695277000e+01
2.065933970250147667e+01,2.837916463819905388e+01
-1.837292423023848897e+01,3.005577149073896948e+01
2.762523470107993973e+01,2.109299003553713447e+01
3.347295737597235643e+01,1.257005382274314087e+01
-2.106087257041558303e+01,-2.754337695379918927e+01
-3.531701540630774616e+01,-7.196286215608801662e+00
-2.439058528406561877e+01,-2.428363185615069497e+01
-2.539652812556895967e+01,2.328244274720607976e+01
-2.260270323271922877e+01,-2.586430200908092303e+01
5.729704925399922821e+00,3.560218559223870471e+01
-2.063217359921087990e+01,2.785471733968542196e+01
-3.601165353012061843e+01,-9.288803407529110379e-01
2.377005431350120190e+01,2.477049663750688069e+01
-3.163356292400297676e+01,-1.593779177560450577e+01
-5.954491449249951884e+00,-3.537817011062769978e+01
-1.752474803755349342e+01,-3.078531792895211439e+01
-3.404571603474483510e+01,1.050779866886041347e+01
-3.099550794213175209e+01,1.672061986380619558e+01
-1.790292435339747001e+01,-3.021939933274952494e+01
-1.277430923916200989e+01,-3.314009541991674013e+01
-3.487386716913530904e+01,7.306826843864826948e+00
-3.038802140549721642e+01,-1.760932797412436202e+01
1.682601619178564079e+01,-3.111965683736826449e+01
-1.495190367179719004e+01,3.236234988250885181e+01
-2.861611277260791653e+01,1.961242334435500112e+01
3.241440326996531951e+01,-1.461962548625085745e+01
2.997922684732162324e+01,-1.831911215008326366e+01
-9.135406852986982074e+00,-3.411372398228267855e+01
3.566875959623665437e+01,-4.098386630314945656e+00
4.008529560907200029e+00,-3.537152324234197920e+01
1.243130250119850189e+01,-3.327147807196654128e+01
3.475430774847635718e+01,8.019429818519956399e+00
-4.747856619458766581e+00,3.562458141505583598e+01
-3.012401111654422081e+01,-1.742622543823090453e+01
-2.804925541420807278e+01,-1.997095924291968316e+01
3.517492937483281423e+01,-5.760472035999046447e+00
3.515279135599366356e+01,5.760730692013595444e+00
1.449783166594817452e+01,-3.194804249369140337e+01
3.102080612943485960e+01,-1.620213439985494830e+01
1.993835099580598680e+01,-2.804020501131378040e+01
1.787635301240699448e+01,3.033964093051173450e+01
3.092655415394257545e+01,1.652012771238692324e+01
-1.033016696759668340e+00,3.569523748835091226e+01
-6.907351027788541487e+00,3.486417957874652984e+01
1.160768945081537318e+01,-3.325089853411574126e+01
-6.270301723375217406e+00,3.491112201073002552e+01
3.170640509977592814e+01,1.481109130637223181e+01
1.553985249304567162e+01,3.150602829965150775e+01
3.542621118443823747e+01,9.020695187273939375e-01
-1.861839253139917005e+01,2.921098850501154232e+01
2.218338813328904990e+01,2.621701377802601485e+01
-1.191256113233311176e+01,3.311454996500759762e+01
1.944077215472732334e+01,2.853387110573106966e+01
1.795210504186118072e+01,2.972758114271076124e+01
-3.496127046698036622e+01,-4.374440315893100006e+00
1.428968500799233610e+01,3.206355634910328689e+01
2.941423972064334436e+01,1.789910552853069703e+01
2.846409180454316612e+01,1.898875861235309870e+01
2.645936985255066531e+01,2.139913204222269627e+01
-3.268100449600439550e-01,-3.537266364331689772e+01
-1.870775485172782382e+01,-2.890584814363763400e+01
-2.398460850254910426e+01,2.439230196928605210e+01
2.739793943640668417e+01,-2.059454298380064685e+01
-3.141806866568874312e+01,1.484759915899794258e+01
-2.915789142481737528e+01,1.814929201166081540e+01
-1.337805098064421649e+01,3.226549843455815392e+01
3.297331954676529620e+01,1.156305287355769096e+01
1.535146823084178003e+01,-3.118252159153144731e+01
1.835232837847329179e+01,-2.896715411099111037e+01
2.155298178146792765e+01,-2.616592305830608822e+01
-2.884597325562912218e+01,-1.816253930677494210e+01
-3.282262253584024592e+01,1.176787191508200792e+01
-2.617353876658199141e+01,-2.113136322843016757e+01
-3.186034084397617860e+01,1.366701056389148583e+01
-1.953929120814399667e+01,2.791370621914376926e+01
9.524930666925127909e+00,3.362289301237241546e+01
2.460618800412246543e+01,-2.271936861523749940e+01
3.502411917816704801e+01,-1.192459603032130389e+00
2.068533861412313257e+01,2.639734887934607954e+01
-3.220898371874537247e+01,-1.258069033563444705e+01
3.313523435759378799e+01,1.058876166191197754e+01
-9.340833313066175592e+00,3.356036673516607038e+01
3.356805812917630050e+01,9.195026585996673774e+00
2.635793627125677219e+01,-2.065689955567119185e+01
2.247870647312021575e+01,-2.454489844554835543e+01
-3.295194492447279355e+00,3.483273706021314098e+01
3.437649778537201684e+01,3.203337133003891335e+00
-3.123305922323999084e+01,1.470361637248148590e+01
3.166928213089432731e+01,1.299325526875306913e+01
3.236716605786239143e+01,-1.216844805897013870e+01
2.177058895826208840e+01,2.518649790763513607e+01
3.382021763699172112e+01,-7.024209020066813025e+00
3.180082222864976327e+00,3.470668171710799044e+01
3.172473950922236341e+01,-1.327019117624286082e+01
7.848828867585476488e+00,-3.390124488401716008e+01
-3.431528799208014124e+00,-3.454180805161657730e+01
1.578158113779045912e+01,-3.036919671735878268e+01
-6.784334440559014467e+00,-3.395645073655526147e+01
-9.832427435958585704e+00,-3.316522873248779035e+01
9.572327156004783788e+00,-3.317204193492803910e+01
1.288682492775624056e+01,-3.176385283051732600e+01
4.154190430143418489e+00,3.424045558140333867e+01
3.270562246645150850e+01,-1.031999985632591788e+01
2.038540237660793863e+01,-2.658763937395725918e+01
2.709173808779377080e+00,-3.447582305190292828e+01
-1.059137704585204709e+01,3.288189041282187475e+01
2.846503151745503857e+01,-1.803579568936209654e+01
-1.222944817522265204e+01,3.229366595443204346e+01
-3.279294591945055970e+01,-1.064334003851460864e+01
-3.456288916161551583e+01,-3.011980483094775618e+00
-3.457975117268178877e+01,2.730129628834880418e+00
-3.016042278024794498e+01,-1.584558687699391299e+01
-3.401375600982974134e+01,-6.389987498373375097e+00
-1.367841721724165893e+01,-3.101622402471443607e+01
-1.652282642017981118e+01,-2.948835955215619009e+01
-3.452923069522601907e+01,5.150228034191854931e-01
-2.454980790698506965e+01,2.244385595808130418e+01
-3.378111389709840751e+01,7.122027600237600176e+00
-3.114022177111796807e+01,-1.358167379976339362e+01
-1.589116847227591656e+01,3.021296090135065171e+01
-1.702999426580119291e+01,2.947637778642515727e+01
-3.025915013003478293e+01,1.544888219520747796e+01
-3.352423975835751691e+01,-7.190879524527936439e+00
2.971100498582163851e+01,-1.599470549895524307e+01
1.865570627676510185e+01,-2.769377992346058193e+01
-2.089480790504982721e+01,2.602723313468540312e+01
-2.712994246687338418e+01,-1.914148331046469664e+01
-3.317657463646791172e+01,8.553185248764215487e+00
-2.268332760660192449e+01,2.415776534751196536e+01
-2.165757080529521872e+01,2.500173135312130057e+01
-2.799789152506440360e+01,1.790775589992492556e+01
-1.350417082423043347e+01,3.119485963322567201e+01
-1.781881413115864987e+01,2.816695865440689062e+01
3.430648583256723327e+01,1.584480511948310522e+00
2.736949811941334332e+01,1.851790181515504941e+01
2.597016225209875984e+01,2.025022651574268195e+01
-2.092028470821460928e+01,-2.575442495406640475e+01
-4.635588038233644959e+00,3.407210316955190876e+01
-2.207231726256355131e+01,-2.438082432489024143e+01
4.078083541407530599e-01,3.429507492935896806e+01
-2.334143098439840713e+01,-2.313909122204331581e+01
-2.545863943736351231e+01,2.082086813535775605e+01
-3.188149516466310018e+01,-1.161104760817170778e+01
-3.354928834108598323e+01,6.193083650082765068e+00
-3.202541789239232628e+01,-1.093129694805707253e+01
-1.136132179050913216e+01,3.207822472993502316e+01
-1.476439707157430981e+01,-3.026872084098523885e+01
1.431194154563806009e+01,3.093707278325274501e+01
-5.774392085201854874e-01,-3.411994530424213679e+01
3.368638632246654652e+01,-5.134199060838383843e+00
6.689075083270042299e+00,3.350152061296697781e+01
3.323808046018194062e+01,7.633869682625801900e+00
9.708002932288845699e+00,3.264611340652507465e+01
3.335382168336336406e+01,6.838230347538921450e+00
1.488993501564451316e+00,-3.408481189457724270e+01
-2.413845376890164118e+01,-2.159167311064568651e+01
5.299268066396846777e+00,-3.369317062645254879e+01
3.408369215830013133e+01,3.649742435590024037e-02
9.804011401562362948e+00,-3.244055722565970257e+01
-3.302374451240960296e-01,3.418322569394194943e+01
-3.349208294679475983e+01,-5.227431459230577282e+00
-7.670837754106838879e+00,3.314485111077975432e+01
-3.199269424186727306e+01,1.068897349221651893e+01
2.905749983122616698e+01,1.630392266472177454e+01
1.362477000200653343e+01,3.096835236557644322e+01
3.174949818106684418e+01,-1.098857211737287010e+01
2.968583158684039347e+01,-1.497847379109446919e+01
2.857892674979341407e+01,-1.654531076472768092e+01
1.634026785848636720e+01,2.895239951124791844e+01
1.021725566461052725e+00,3.392854155839249586e+01
-3.363221147322568072e+01,-2.265539231548839627e+00
-3.194500666235176212e+01,-1.037655714678172814e+01
-7.371003154746830432e+00,-3.294259044926493374e+01
-1.686431684048928048e+01,-2.863628160210715734e+01
-3.431050659334269781e+00,3.371867437877391893e+01
-2.658842890378587143e+01,1.911132310383716515e+01
1.767044892920635135e+01,-2.772405021895456301e+01
-2.874260442168790419e+01,-1.643284402074854000e+01
-1.131275154246582559e+01,-3.151093526324384086e+01
2.137246083447658052e+01,2.425335770619309983e+01
3.325200495144218138e+01,-1.792138510660921780e+00
-1.821703736303829757e+01,-2.721863646508912282e+01
-1.391647046688524236e+00,-3.357093949775308772e+01
3.164406849910528674e+00,-3.362820829145810109e+01
-1.758802269624393233e+01,2.771230370492018125e+01
6.171007862372049679e+00,3.297667372832806620e+01
-2.043593170778484946e+01,-2.479285235467219550e+01
-3.320593699765894513e+01,4.128265755764009448e+00
-1.578272661847038627e+01,2.887998795781986772e+01
1.600523215587952919e+01,-2.847275608143966963e+01
-2.582105991866019323e+01,-1.931817046705466367e+01
-9.435232136476690457e+00,3.196054906157676356e+01
-5.376416905760620146e+00,-3.279099434359915932e+01
-2.317435299788483860e+01,-2.197210899191071576e+01
6.759637972475687206e+00,-3.257048326976565278e+01
5.248207939892047591e+00,-3.293479441629745708e+01
-3.343480115579652789e+01,6.003378399735382898e-01
2.363749189836300602e+01,2.155803182844480048e+01
1.650658381691497212e+01,2.812553693601277871e+01
2.499802453714915274e+01,-2.021468067871302310e+01
2.208753697857059350e+01,-2.317733254701814261e+01
-2.740686976033102340e+01,1.709966409084102423e+01
1.117876056802074025e+00,-3.319512723806757037e+01
-8.575549083771571546e+00,-3.195758610437051672e+01
-1.038990895129708925e+01,-3.132002126194461411e+01
3.212641573478715173e+01,-7.911516717613910288e+00
3.251895293615781668e+01,-5.922841234861146553e+00
1.138748896371889785e+01,-3.093020158552873511e+01
2.068888581841939711e+01,-2.428065902749849769e+01
2.557586748712170532e+01,1.901030359223420163e+01
2.238255438149064602e+01,-2.217083662087800633e+01
1.939931342153679594e+01,2.525810558458402610e+01
2.240749297637992399e+01,2.223417145827397334e+01
-1.949052698258389427e+01,2.509677506553658333e+01
-3.143990835968697084e+01,9.215927642617474547e+00
-2.977341142877506641e+01,1.345926071792926848e+01
-3.271021860030901252e+01,-5.074198225921805694e+00
-3.139988258518955888e+01,-7.921040327890796817e+00
-3.265516803105867183e+01,2.546120665590577148e-01
-3.852658829447018984e+00,-3.266289235781384548e+01
-2.935994955129527995e+01,-1.358921585898379014e+01
-2.732954837929606029e+01,-1.630864038756559253e+01
-2.369102297489515507e+01,-2.041663450274132785e+01
-3.043455254684813127e+01,-1.027015293581766819e+01
-2.265587137454394551e+01,2.190964506899040387e+01
-2.838928592470850276e+01,1.511839950035895086e+01
-2.991561917070922760e+01,1.161519494064219060e+01
-2.342496606167925677e+01,2.101623920372559695e+01
-2.166170058125311471e+01,2.275082505723050730e+01
3.255398232461768515e+01,4.638889197841085554e+00
-1.896630877210276012e+01,2.543600086462103604e+01
3.201826213012019906e+01,7.322354499193377109e+00
3.072482346390689756e+01,1.114983362361426700e+01
-1.388518894598846742e+01,2.924090857432460666e+01
3.272960002791474210e+01,-3.565043029944041098e-01
1.030634740380929060e+01,3.104528174532093843e+01
-4.971016826262903976e+00,3.239686083261570104e+01
3.200357818853012049e+01,-6.676279493017961641e+00
2.597242251209895159e+01,-1.843884396451270291e+01
2.479988600604404070e+00,3.271174782483247157e+01
3.249214366070135185e+01,-2.968671745222798641e+00
7.223493923729399135e+00,3.179196846241229935e+01
1.167606482860364103e+01,3.027270463039148396e+01
3.109515769114344863e+01,9.114255443664141865e+00
2.789692356925883132e+01,1.541932128402596192e+01
2.822498055785262139e+01,-1.527280987997317929e+01
2.329613445728762144e+01,2.082424162704803550e+01
1.352527102952969074e+01,-2.918088422459494069e+01
-3.000133347946870366e+00,3.250359734760890262e+01
-9.760947452691734583e+00,3.070464825072149750e+01
5.825423077824827267e+00,-3.191583586731982791e+01
-1.435140348716564418e+01,-2.845582565770006767e+01
1.749697253991515211e+01,2.644053201313465351e+01
3.014698205379212226e+01,-1.123665559781473533e+01
3.105547010234140259e+01,-8.933779908350823362e+00
-3.946685481747082669e+00,-3.194932317628696694e+01
-3.609150359445543188e-01,3.226803906001327249e+01
-1.317013746099170390e+01,-2.891408489920847202e+01
2.060159559559453957e+00,3.224439993481007605e+01
1.969228793064272764e+01,-2.420809377894057590e+01
1.127316317894563724e+01,-2.987878137444727145e+01
2.378707838127312257e+01,-2.018565947884468770e+01
1.386005844811860843e+00,-3.209020847404379850e+01
3.213222525697231902e+01,2.239120715300115361e+00
3.020559658670847014e+01,1.032209368361086455e+01
-3.177148060257738393e+01,5.844226089378848243e+00
-3.198735635906483665e+01,-3.226245823878102659e+00
-8.517926476390130119e+00,-3.081966213477569738e+01
-2.767695064768088908e+00,3.207537490432864047e+01
-2.598352909086340645e+01,-1.737415527362429302e+01
2.924492640730636950e+01,1.223745208482201541e+01
3.162836990840195384e+01,4.954565743796224275e+00
-2.405514174929959381e+01,-1.935976197492270856e+01
1.686124702595095215e+01,-2.627032055234615981e+01
-9.650145840990341783e-01,-3.192820520620474412e+01
9.883348701274936587e+00,-3.022098572495404056e+01
2.097018742294465810e+01,-2.245753368669275574e+01
5.263340538554500903e+00,-3.149432348771470913e+01
-2.566706786093033799e+01,1.763345220317761175e+01
-1.684273284060594378e+01,-2.602646700468505259e+01
-1.987475676259655799e+01,-2.342383744759291275e+01
-2.501596352587691996e+01,-1.799840742702196295e+01
-1.789827047677284355e+01,2.535206989645554998e+01
1.985354811920153040e+01,2.347370956176557044e+01
-1.893779916247374118e+01,-2.417459134889327999e+01
-2.014072987687588778e+01,2.312422409382992328e+01
2.346861457537216467e+01,1.973785810226996063e+01
2.551290861409517419e+01,-1.703634508219345278e+01
-6.319269024225013354e+00,3.114017235703899544e+01
1.237304083869265270e+01,2.904224844875101752e+01
-4.328823158492289380e+00,3.157979707040565742e+01
1.551642438503794175e+01,2.701902493175444420e+01
2.763822182018843776e+01,1.400069569079894372e+01
2.142926994186221634e+01,2.136276587964746909e+01
2.700807581726309081e+01,1.494772192404404798e+01
3.149378435380233299e+01,-3.647952001628357976e+00
-2.213926707820489170e+01,2.049591091090543316e+01
3.136259335127667924e+01,3.439503158502547731e+00
3.146713729560949346e+01,-1.423622706592441167e+00
-2.916690715595192884e+01,1.213119779097382178e+01
2.446471872953054216e+01,1.789901500310778815e+01
-7.651779755467693178e+00,-3.060231560758301583e+01
-2.189554892844461165e+01,-2.089032967096843407e+01
2.012200246723050512e+01,-2.269263556600738241e+01
6.944882817410176656e+00,-3.077125330281863214e+01
8.797189154915080467e-01,-3.157704001307190822e+01
-2.791621176103911850e+01,-1.406155510731851521e+01
-3.170819636848073841e+01,1.472018762921484036e+00
1.900133185438378547e+01,-2.359635291295809267e+01
9.889503437048754009e+00,2.986682244171345602e+01
-2.922023608580054699e+01,-1.131349863448029325e+01
1.806039935362495541e+01,-2.428217412680234233e+01
-3.106671914761439623e+01,5.159174006507986299e+00
-2.700843285432356922e+01,-1.515111636273990925e+01
-3.132112590941701313e+01,3.826703932379395656e+00
1.471943040772338840e+01,-2.728710107478501357e+01
2.607257827404250605e+00,-3.137407669497986618e+01
-3.016621187962369532e+01,-7.397476525294020888e+00
-3.108527357888345932e+01,-4.432665719697278739e+00
-2.976490093398210490e+01,-9.283088068237306700e+00
-3.062879683216791804e+01,6.267756613948092692e+00
-2.709255980352511273e+01,1.485573225203385661e+01
-2.858636465055262477e+00,-3.105602773617126999e+01
2.805847392869819856e+01,-1.317180647335306887e+01
2.886322625327990465e+01,-1.151432501610359616e+01
-6.672780436203254339e+00,3.055945173822124161e+01
-1.825835081163394591e+01,-2.389225150024694244e+01
2.597355898225772464e+01,-1.613050004010248273e+01
-1.286170929318901557e+01,2.810570906264042890e+01
-1.692238910046802047e+01,2.531557834516424776e+01
-1.216154150508066145e+01,-2.823847886392064410e+01
2.994772109335045940e+01,-8.081554852366592101e+00
-1.508623407285170082e+01,-2.638850019465715491e+01
2.987204252993180020e+01,8.765881771189196314e+00
-1.432948820419281155e+01,-2.690335563349860593e+01
4.407190960989186834e+00,3.089888835229827890e+01
-9.488889025295081936e+00,2.935374571663775001e+01
-1.434521544012918781e+01,2.676278287235660613e+01
7.417072348420229666e+00,3.010517157619812778e+01
3.102880064235119306e+01,2.055614163159675822e+00
1.791729530124577252e+01,2.440643076956796875e+01
1.426030874486857414e+01,2.719457391068517182e+01
3.037888730035697549e+01,5.724873993447320508e+00
5.334102159031110624e+00,3.043568717267723400e+01
2.489947511995363882e+01,1.712475329832030724e+01
2.177237321001349102e+01,-2.043350353877186620e+01
2.855626215531397349e+01,1.121350935449453345e+01
-2.761031459415303857e+01,-1.308660224277556772e+01
2.525295870518581864e+01,1.617818501249850627e+01
1.857241856993415752e+01,2.317300736614517120e+01
1.190956152019044723e+01,-2.808757063267728427e+01
2.593041757707838357e+01,-1.531261251961769609e+01
1.628552018593292772e+01,-2.502318755876490997e+01
8.397394389795683978e+00,-2.940304182321333926e+01
1.446342748416572555e+01,2.657975677405654480e+01
2.807623037758821738e+01,1.178624881400471658e+01
2.303837971157400943e+01,1.829599527578544382e+01
-3.080213405368925095e+01,-1.117958899349081214e+00
-2.392322237158427356e+01,1.813258361965272769e+01
-2.502811266509373311e+01,1.659451140426703830e+01
2.994556243042544086e+00,3.061594396076426250e+01
-1.238109009188628917e+01,-2.791873929002643351e+01
-1.717561449156707098e+01,-2.402608774350285969e+01
2.982461604315629344e+01,-6.272302412472434696e+00
2.382792144721836891e+01,-1.698239370821884719e+01
7.813615732770484712e+00,2.967006923606517432e+01
9.930172650023408210e+00,2.884745726416972289e+01
1.212044277708290885e+01,2.788921588089934644e+01
2.872296156967274072e+01,-9.512414453373821743e+00
1.388698817617299497e+01,-2.667538648354813802e+01
2.917811540188971620e+01,8.100111186940626595e+00
-5.715794506480404991e-01,-3.062252117219079040e+01
-1.103950213876565112e+00,3.073895467571960793e+01
-3.053832422009790548e+01,1.645230200271215137e+00
-2.935628533746501390e+01,8.092966388948076073e+00
-6.419287284999120047e+00,-2.976695975308674846e+01
-1.837315225070660318e+01,2.274387731126444478e+01
-2.158799952708276138e+01,-1.926167712355564632e+01
-2.972565539797229661e+01,-6.480932132786653810e+00
-1.032510593018920098e+01,-2.852314955166360377e+01
-2.786211662257973387e+01,1.157894996146899480e+01
2.182373709743338352e+01,1.909411419600558091e+01
-1.834516244808554930e+01,-2.242892404483574964e+01
4.165066236323270665e+00,-2.993916288553166538e+01
-2.639509730744858018e+01,1.421969297315644631e+01
9.725753691975960180e+00,-2.853670942136746902e+01
-9.697869643774811976e+00,2.874067956154007675e+01
-4.075432708334396636e+00,3.016929366951771740e+01
1.948043197478688171e+01,2.134339028290080620e+01
1.486870443250849405e+01,2.588410289705765877e+01
-4.621578153526551880e+00,-2.993403266397184126e+01
5.870411302307708468e+00,-2.943081263633738942e+01
-2.128663995769466410e+00,-2.996826470191795977e+01
2.989377258640192281e+01,-5.349397944630880808e+00
1.464807203178582107e+01,-2.544256361849200232e+01
2.665971524987769925e+01,-1.301398624054131758e+01
2.996484954710029669e+01,3.130294416956965531e+00
2.911140229766717269e+01,7.402739000585905060e+00
2.199456304145470042e+01,-1.861146205575868606e+01
-2.534655378683467575e+01,1.538350652576609079e+01
1.069572434020569895e+00,3.026764297977986828e+01
2.922727568219849559e+01,5.754095648736328172e+00
-2.858012665790244711e+01,-9.385613017847232342e+00
2.976976285865728400e+01,-1.280925677969801280e+00
-1.153178389506003576e+01,2.770598067835502221e+01
2.845084578500421557e+01,-8.371430815801108594e+00
-1.457309996187747636e+01,-2.537330635860340422e+01
-2.831418656226660602e+01,9.890157596619083336e+00
8.075132211782609204e+00,2.886593996096083004e+01
-2.972448219304838446e+01,-3.615132411847867377e+00
-1.058113487480664539e+01,2.780072105983689212e+01
-1.326405206105542334e+01,2.626447415363757898e+01
-2.212869699465065665e+01,1.860958571761093694e+01
-2.832098015390799262e+01,-8.039775114371943587e+00
-2.023648484428549921e+01,2.036381184783665077e+01
1.315835096834609530e+01,2.628950017962993968e+01
-2.312226628669976236e+01,1.730705329809482862e+01
-2.904910916565329870e+01,6.229681178110380912e+00
-7.413768445984064925e+00,2.863033353656883051e+01
1.016134139489772359e+01,2.773066355718734854e+01
-2.967830082102982914e+01,2.317973023378596398e-01
-2.944269282581917579e+01,3.194652974576989823e+00
-2.639340062366802897e+01,1.211981825003466362e+01
-2.556437275516605823e+01,1.336503625212255741e+01
2.487615155951247914e+01,1.432724908914438977e+01
-2.404266416042448640e+01,-1.601731820935927075e+01
-2.656267034591898835e+01,-1.197894595231518977e+01
-1.705518331345510674e+01,-2.289264888138067988e+01
2.709031138517770998e+01,-1.111738851917151294e+01
1.797437206444168112e+01,-2.204423001834339857e+01
2.373873285847325931e+01,-1.607890087530254419e+01
4.078092527714168192e+00,-2.899064656250461880e+01
-2.919537151886481396e+01,-4.210410684642923229e+00
2.927054499900351914e+01,-2.979992598241954838e+00
-1.479545143851490430e+01,2.437693445008047632e+01
2.154485420244240501e+01,-1.839021728278889611e+01
-1.966538754592501093e+01,2.016798625795065192e+01
1.522082744074070604e+01,-2.358571606473839921e+01
2.906573790645538580e+01,4.401149135727542294e+00
-1.882903036657564400e+01,-2.080906889288631234e+01
-2.457609555957556324e+01,-1.484698321178553471e+01
-1.951813731977829391e+01,-2.004349809417848149e+01
-1.835212677915263413e+01,2.128090270281468577e+01
2.638433561564635710e+01,1.158961726741907938e+01
2.283822218113262892e+01,1.643624197946870424e+01
-2.576173545964004319e+01,-1.300765796297010723e+01
1.844273815412352135e+01,2.122471827766291597e+01
-4.949157261388129392e+00,2.850470885518710773e+01
-5.971498673692919645e+00,-2.848094197084679280e+01
-2.062650382707339602e+01,1.849078499425411337e+01
1.714924724747375784e+00,2.899125068890999657e+01
2.202482967109185807e+01,-1.683108571679608900e+01
-2.310553471363675015e+01,-1.574362623144751616e+01
-2.874812750199517808e+01,4.327936110539697623e+00
1.700422198501716053e+01,2.191635380922039644e+01
2.165746427715203737e+01,1.725038560689888101e+01
2.800616407409238917e+01,-7.525690120738847355e+00
-2.763016643701161357e+01,8.418409933752613483e+00
-2.668464500584992649e+01,1.045055713826080890e+01
7.624577153554014330e+00,-2.777791066972439538e+01
2.404119264743640016e+01,-1.460499260111089725e+01
2.554320382232198838e+01,-1.233836355451038891e+01
2.795392935139632939e+01,-6.407954756426174292e+00
1.630648417639017822e+01,-2.243493142940941354e+01
1.008402867480144849e+01,-2.643494186041547422e+01
1.164941988083282709e+01,-2.565231580782352339e+01
2.634579959018455142e+01,-1.015776006456470348e+01
-1.349293892546153728e+01,-2.515846782173840523e+01
-7.954094666948773096e+00,-2.770283515801475716e+01
2.811703278971785380e+01,-4.899307691520027319e+00
2.849928788566672111e+01,1.144985212565881705e+00
-2.764260781268662370e+01,6.955492487448905692e+00
-1.287208270351424133e+01,2.543295640972484506e+01
7.080847869655510607e+00,2.806594168570998349e+01
-9.069558675708671913e+00,2.728979615022478100e+01
2.815903848925109898e+01,-4.039965728852322080e+00
8.753976048625257134e-01,-2.848783786771816295e+01
-1.088884025184315441e+01,-2.629003469488926825e+01
-1.494859449562362208e+01,2.362450854049287585e+01
-2.836085019474309732e+01,-4.091789128970221512e+00
-2.848064072830437965e+01,2.519607004238760162e+00
1.126265067419861587e+01,2.629153671528425207e+01
-2.318986985691578795e+00,2.867280158095542575e+01
-2.591354981912513367e+01,-1.122108626298248701e+01
-2.617781728582939849e+01,-1.067532679177692856e+01
-1.472636516309770904e+01,-2.365427163913485842e+01
-3.174427416059444340e+00,2.843829867052156146e+01
2.525043625870485897e+01,1.201277701731397407e+01
-1.460857386086253706e+00,2.867211009619417084e+01
-2.041118451794622501e+01,-1.828632584929554028e+01
-1.157647875984312513e+01,2.563036331516865829e+01
-5.749128521969741001e+00,2.774450589813687884e+01
-6.958861145644847035e+00,-2.754476171236414928e+01
1.620597383594019902e+01,2.238308514818640305e+01
7.843870384568324416e-01,2.833738730457456612e+01
4.177409774976357681e+00,-2.772495519749441328e+01
-2.697767460560060826e+01,-8.129954186061231880e+00
2.232866616606172272e+01,1.579301185602737334e+01
1.526592087527111019e+01,2.317313789976327243e+01
-1.479765722273492479e+01,2.313850943931460336e+01
1.418250660458394918e+01,2.369308083969156797e+01
-7.075740271020568350e+00,-2.720528100725391596e+01
4.951806029411656596e+00,2.766070820167714217e+01
-2.417029572511784963e+01,-1.303101317006178483e+01
2.823387360154965009e+01,-6.228966735855051562e-01
1.974580404676575185e+01,-1.855893373895635179e+01
-1.915909241123789997e+01,-1.917032018813039684e+01
1.875312436583269715e+01,1.946835428194975748e+01
-2.280021725714133751e+01,1.464078183837881042e+01
-2.110338150685719327e+01,1.694666676598030008e+01
2.332227144172181355e+01,1.445642199502349889e+01
1.846052462946204287e+01,-1.941348869106601427e+01
2.376256450563153066e+01,1.356973261639333650e+01
2.642645951009730609e+01,8.864526010425031188e+00
9.719276296859378661e+00,-2.592904500197643358e+01
-1.928760141781976145e+01,1.851204885558534485e+01
2.800127510419204313e+01,3.312500871676241854e+00
-2.595115089942993336e+01,9.304569035274319333e+00
-1.055262237037710937e+00,-2.786416766314521354e+01
1.473682446766690113e+01,-2.260768987900977933e+01
-2.801216174996944730e+01,7.485541680861628189e-01
-2.787529837089758900e+01,-2.325592680268673274e+00
-2.098092701110986980e+01,-1.623596891057147573e+01
1.690561988143005934e+01,-2.044918180993080981e+01
2.234604107219091418e+00,2.779005595835748466e+01
-2.781104863020229345e+01,-9.375890016289201156e-01
7.296247633049911308e+00,2.669444517550735796e+01
1.957888858202379723e+01,-1.758848376741573105e+01
7.305856574127788328e+00,-2.651830406216769376e+01
9.514153435412249227e-01,-2.751912203305133886e+01
-1.715913328442454855e+01,-1.972118767560398567e+01
1.764370179574733655e+01,1.944088325867620526e+01
2.983432625332373966e+00,-2.727158707444992203e+01
8.935511869334350266e+00,2.576845010868628449e+01
4.891988758977205087e+00,2.650261831194904971e+01
-8.145237725038921184e+00,2.604867351163086653e+01
-1.033687955869657449e+00,2.708941640558116504e+01
-1.083801476668533326e+01,2.448047728218110919e+01
-7.525036622214916981e+00,2.574848504667647831e+01
1.062094240924704280e+01,2.463274610318518754e+01
1.220297294337117222e+01,2.358401125306230384e+01
-2.698342373782234560e+01,5.560614536833293542e+00
-1.009208763886045190e+01,-2.559871425802904099e+01
1.695410543915350132e+01,1.974350323155170983e+01
-3.663538522970518851e+00,-2.727879372287623383e+01
2.721816714160623718e+01,1.831094735190785583e+00
2.715262135688539402e+01,-9.936053446492517649e-01
1.987846821462371949e+01,1.667159299322136334e+01
-2.169509301841252480e+01,1.448781973849410321e+01
2.421923202777822226e+01,-1.210407950387229192e+01
2.684232518433213244e+01,-3.803734170756533306e+00
1.099267291015765657e+01,-2.499228955700585075e+01
-2.359877780287076376e+01,1.185909954702891511e+01
-9.338834360091272657e+00,-2.552761515479340559e+01
2.563186798342178108e+01,-7.749505678686357868e+00
-2.449839846886373351e+01,1.015624183427267013e+01
-2.068664361929620998e+00,-2.700731897910604218e+01
-4.719594799459590817e+00,-2.670806779516049900e+01
1.224587889759876269e+01,-2.374727325989377036e+01
5.927180625663361901e+00,-2.616306076483839860e+01
1.047866317314239737e+01,-2.467930961284795544e+01
2.350604397822435843e+01,-1.257572452682497754e+01
-2.711808463668885949e+01,2.443450366584241973e+00
-2.730855053096793483e+01,1.240645510785183259e+00
2.608198656600406906e+01,6.210910890679296692e+00
2.545085191549274128e+01,7.810846189536201578e+00
-2.685854634382312511e+01,-3.698405338489691996e+00
1.466228164255314326e+01,-2.186101747697449582e+01
-1.812496578529651003e+01,-1.865739505534561360e+01
-2.527443402566512276e+01,-8.954506582153113570e+00
-2.233988923473360444e+01,-1.396250176661277997e+01
-2.650943644528496179e+01,4.832226327265799704e+00
2.179379213545470506e+01,-1.463833091133565922e+01
-1.323339366789989313e+01,-2.265227533231040979e+01
1.362841905383624841e+01,2.232099801970111841e+01
-2.609505857533029882e+01,-5.821938481322053605e+00
-2.443113425867712607e+01,-1.013967713811267934e+01
-2.295277441056045475e+01,-1.264244172039038183e+01
-1.606602630999514858e+01,2.038087966560061659e+01
-3.012067968368468129e+00,2.646578047668822720e+01
-3.790771269343676142e+00,2.611915526516582631e+01
-2.179193652472235954e+01,1.419847503038512926e+01
3.713347841662874238e+00,2.631585535932483921e+01
-2.414130015221121539e+01,1.032464880989799205e+01
2.091647078970412821e+01,1.523585526601040208e+01
2.493810371203664999e+01,-8.463208563343670221e+00
2.629248095561271725e+01,-4.588191940922168754e+00
-1.185049844429426535e+01,-2.345688347270364815e+01
2.385957891153645605e+01,1.084972222747101434e+01
-1.983380122642828169e+01,-1.618247646248582328e+01
2.525974236115025917e+00,-2.611817301970870275e+01
1.192690670653643359e+01,2.286390395375348916e+01
4.925939847421833662e+00,-2.562622033923584297e+01
-8.031092291178795861e+00,-2.503972710575018112e+01
-1.254744776892529612e-01,-2.624560447988991996e+01
-2.358684463050002833e+01,-1.071535014552436849e+01
2.633980216612335212e+01,-2.789549978779417017e-01
2.472438052728406177e+01,8.660936144209735232e+00
-2.517717013754690214e+01,-7.168062400071720575e+00
2.544102354054769677e+01,6.665481100322020680e+00
-1.262813032878108999e+01,2.226479166171314361e+01
-1.441696546934316459e+01,2.107864192518868052e+01
-1.757500276324013200e+01,1.836093813177249601e+01
1.972756340337408076e+01,-1.572881525782401546e+01
-1.893551233654444488e+01,-1.678307571506890739e+01
1.477069597865342843e+01,-2.029563732267007836e+01
-1.630620086771718036e+01,1.933392850392726103e+01
1.845770166298850512e+01,1.703727577837042517e+01
1.724998969364013846e+01,-1.807389310382903602e+01
2.403242814155012042e+01,-9.665281600298119002e+00
-2.062462885040705274e+01,-1.465485677120865837e+01
-1.000288130103941775e+01,-2.382316634366871355e+01
-2.163726449238868454e+01,-1.311279091825257659e+01
-2.175803840934385036e+01,1.256416796441354577e+01
-2.599141116205543156e+01,1.238331222054063430e+00
-3.421428283111800361e+00,2.565883396129501293e+01
-2.512757251298030425e+01,5.853759350857222543e+00
1.061640002405995098e+01,2.357568213690593595e+01
8.767778034949909483e+00,2.410597429967515382e+01
2.542283010273746768e+01,-5.151015837040874068e+00
-1.514453734438869326e+01,-1.963611798101685935e+01
1.428041544753579295e+01,2.019408059276439005e+01
-1.426883146640784972e+01,-2.046425238285489456e+01
-1.955076417468503358e+00,-2.572070949465905088e+01
7.656918975583411502e+00,-2.439959335746646829e+01
1.621867062240235668e+01,1.822282548886978404e+01
1.834270357563929110e+01,-1.604767007149926528e+01
-7.081568567828951721e+00,-2.467131482823167588e+01
2.558049682258344149e+01,3.509178362787266359e+00
-2.543061612270556182e+01,-3.984526321742098531e+00
2.238091362069801704e+01,1.173146514152777975e+01
1.753394455549503306e+01,-1.675957536645138291e+01
5.883866292918742857e+00,-2.476450900860180226e+01
2.439606651999532616e+01,-7.473490861638967253e+00
2.183355503937830022e+01,-1.236708861446689767e+01
2.542928396526780688e+01,-2.265304225458799170e+00
2.242344618903284115e+01,-1.096677875457809570e+01
2.511976073189606851e+01,4.223750747735545374e+00
2.455926165120161997e+01,6.342615525600770354e+00
2.101845461228259282e+01,1.301337445149156835e+01
9.193877745409761104e+00,2.368802959928000718e+01
-2.491454517894100817e+01,-5.046857109808312813e+00
1.239713811766179319e+01,-2.143255701718335615e+01
1.134554076346705465e+01,-2.215694186989582448e+01
2.316893015609114670e+01,9.360462666627530126e+00
5.779333870343326268e-02,2.541032341818551643e+01
5.740319412898973184e-01,2.543523457724855419e+01
-2.382139895782994188e+01,8.087213015979052955e+00
3.717977499783240436e+00,2.505566877117724189e+01
9.109209140086573342e+00,-2.327296180344099952e+01
-1.013240909852034832e+01,2.316730222509230686e+01
1.030522408301483317e+01,-2.258250993714982968e+01
-1.911084054203195848e+01,-1.486177426309509109e+01
-6.181133570514226960e+00,2.460706552395595281e+01
-2.063013581702273669e+01,-1.328178177313188790e+01
-2.027953942210077543e+01,1.362507790540148811e+01
2.474053578848143431e+01,-3.626708952808933351e+00
-2.511714701254108917e+01,7.090389434104536759e-02
-2.501057621525189845e+01,-2.083035292384865400e+00
-3.795528079463472149e-01,-2.502883732447101650e+01
-2.598986157616431480e+00,-2.497482612080889908e+01
-8.543237644407716047e+00,-2.364791791978696978e+01
-1.078273874457759085e+01,-2.250479142208137873e+01
5.502316726656731660e+00,2.433610172064225097e+01
-4.390722852312745950e+00,-2.458219181386635199e+01
-1.689839485871582170e+01,1.710012748343223521e+01
-1.264843817153726313e+01,2.071431607456700164e+01
-1.852029193027750154e+01,1.531249670711824962e+01
-6.754096434858504416e+00,2.386056968173162218e+01
-1.259805558781221890e+01,-2.097643612857426376e+01
-1.520926207881179870e+01,1.851395394119354876e+01
-2.460230813187680710e+01,3.189554487526749416e+00
-5.730237089886220936e+00,-2.416772628762274522e+01
1.821368404967590493e+01,1.549698412154256033e+01
1.338743604415286725e+01,2.009590388803415806e+01
-3.456953124383118858e+00,2.458846453604558135e+01
-9.189092940482721517e+00,2.264209441985694227e+01
-9.803621401080880204e+00,-2.263421415557920824e+01
-1.600756325484402609e+01,1.733279032084398708e+01
-2.133019209599924437e+01,1.117927829841843845e+01
1.948332141057743883e+01,1.400062453032978738e+01
-1.486177673980385805e+01,-1.851961722024801205e+01
-8.640435173403520963e+00,2.288982216815934834e+01
1.542664611805502517e+01,-1.791639589073438543e+01
1.965731592677003192e+01,-1.317768414805514787e+01
-1.366023612083686700e+01,1.904156480663204576e+01
2.350810196276654551e+00,-2.439682628636000317e+01
1.985976125415785987e+01,1.311788198541917261e+01
-1.972253172580864700e+01,-1.316096852137688344e+01
1.573536481953657606e+01,1.726253049784187610e+01
1.322866373763307379e+01,-1.929573898535715415e+01
1.349838158465715843e+01,-1.891950105542282756e+01
-1.809426686935666595e+01,-1.487122904307694071e+01
-2.329732944382908144e+01,-7.100392450211153950e+00
4.159667286153615251e+00,2.406068379308853977e+01
-1.907858341735295582e+01,1.333893017522241209e+01
1.927720083203132972e+01,-1.339231129923297381e+01
-1.458090393057398870e+01,1.783175480425679638e+01
1.420023472666063391e+01,1.825569399430288087e+01
2.419372722390246366e+01,3.869763134998209342e+00
2.436719184061236376e+01,-2.391448254401796092e+00
-2.239670961153700546e+01,8.688259943998376755e+00
-7.818891688507802584e+00,-2.292869072534869801e+01
1.732220667818687687e+01,1.518181181329106266e+01
2.370140319539216023e+01,-5.189478035641795550e+00
-2.345736191164021278e+01,5.519893413384573400e+00
2.237079379138993929e+01,9.137070209913645158e+00
-9.832785360884304993e+00,2.173492915839201345e+01
-2.296277412475666324e+01,6.788608352928410028e+00
9.697182433344467611e+00,-2.189292313801805889e+01
2.222421420557344618e+01,-8.951303443849901953e+00
2.089463571040084844e+01,1.127411896567471139e+01
-5.402656528897836097e+00,2.326895851815068283e+01
6.616438976938023409e+00,2.306831900904316868e+01
-7.818559636307860217e-01,2.382002561374684646e+01
2.274997795271132617e+01,-7.620801480669379124e+00
2.061616995988108769e+01,-1.156601868178487713e+01
-1.660308705641473281e+01,1.548642740862171863e+01
-2.255926608773251019e+01,6.984563542715177320e+00
7.516957867748019773e+00,2.242693818035458975e+01
2.093278174706595962e+01,-1.074384137136008377e+01
-2.085903578199859965e+01,9.894946710811359125e+00
2.406708730351033054e+01,1.615934681613279356e+00
-1.776101783968812953e+01,1.388435954194258137e+01
2.403287554265103410e+01,-1.745327735346560022e-02
-3.591698117215092800e+00,2.295394176175743439e+01
-2.409570160619568924e+01,1.502951920765523142e-01
4.716004183443426534e+00,-2.339291597414281654e+01
3.880109047864139238e-01,2.322487445122377991e+01
6.982411243107261356e+00,-2.269916588449612860e+01
2.301025832668539550e+01,6.546440565822368107e+00
1.462374438697144541e+01,-1.762366291800094942e+01
1.068197864629062721e+01,2.058477148262401002e+01
-2.156748692442187121e+01,-9.502373878676669605e+00
-2.371308302609714147e+01,1.237461252396176770e+00
3.979410763692770581e-01,-2.353400008053678505e+01
-3.173509556132685816e+00,-2.335135271629901865e+01
8.780006719849994923e+00,2.141862171711598961e+01
-1.547452667771352530e+01,-1.667374099076704397e+01
-2.264867340441168153e+01,-6.382329259938091859e+00
-2.238005753514867280e+01,-7.067455610955653889e+00
1.669860395344500859e+01,-1.524936528968667382e+01
3.145382125660413752e+00,-2.284203248615044402e+01
-1.062785458027432384e+01,-2.049971321663507240e+01
-2.332744432246080635e+01,1.353498780806162261e+00
9.864344926402360159e+00,-2.057829274268048891e+01
-1.434176239561936228e+01,-1.736637640732545407e+01
-1.346074062610802002e+01,-1.808700746493673961e+01
-2.319330498605995672e+01,-1.830581516304296663e+00
1.786296516964927505e+01,1.371770761341689493e+01
2.328139202371798078e+01,2.239341719204551051e+00
-9.164531782502370660e+00,-2.098361679922752288e+01
1.188742474294996931e+01,1.912727257046566720e+01
-2.278456409237109170e+01,-4.430263077231213487e+00
-1.835999711185868222e+01,-1.272336088831225176e+01
2.288613636586937972e+01,4.270741944962616721e+00
1.946574964532217322e+01,1.156268546248958273e+01
1.807164382544442560e+01,-1.320239776455799152e+01
-5.412640827160018375e+00,-2.239038319416327028e+01
-1.612360622921634601e+01,-1.495830211369299079e+01
-1.683166094877461205e+01,-1.415115357221920966e+01
8.283975082933221046e+00,-2.113938436485487671e+01
1.495229333896670987e+01,-1.610510729226722049e+01
1.708190300600283251e+01,-1.388701579464289715e+01
-1.160654500477528828e+01,1.872462663883965206e+01
-1.325572312777702955e+01,1.738915289651263407e+01
-1.922059737443835203e+01,1.076719256962514493e+01
-1.769824051840915757e+01,1.288186754530317657e+01
2.302434507585402557e+01,-9.591759867746159074e-01
1.865137615670960924e+00,-2.266922233045560375e+01
-9.007992352666805980e-01,-2.277459299421015970e+01
1.296364174788146961e+01,1.764968836755308601e+01
-7.412913091958163392e+00,2.140267074649193901e+01
1.416601871555418768e+01,1.648852529712791437e+01
-2.256053072639786450e+01,3.445751344411323025e+00
-1.458270395017464693e+01,-1.616240745676563861e+01
-2.091425445850534004e+01,8.408524034247227164e+00
5.239415162816561278e+00,2.204276446680358958e+01
1.240752394562201388e+01,-1.750244229741171509e+01
3.495797487845770490e+00,2.233384698139976265e+01
2.149726002701123662e+01,6.851828778762273586e+00
-1.726693494766579207e+01,-1.286636471816118288e+01
2.210116667686163794e+01,3.026849330068461352e+00
-1.688317944600707321e+01,1.299983178306103859e+01
-1.497311396031460973e+01,1.478626889371900255e+01
-1.494553022731309189e-01,2.242195903231531418e+01
-1.596037170420483520e+01,-1.419967644660775186e+01
-2.155782572299983002e+01,-6.487192905250843467e+00
9.155908931722525068e+00,2.027830669678025544e+01
1.937674118649779587e+01,1.005260153843760662e+01
1.480913330647594117e+00,2.201314920577314282e+01
2.035128366395197475e+01,6.986792457831596082e+00
2.198093440146809385e+01,-2.505427290285292763e+00
8.696799725026217232e+00,1.952323685447426982e+01
2.152313819703304532e+01,-4.635560513693113727e+00
-9.100130307091824022e+00,2.002771312683912797e+01
2.029355483880317834e+01,-8.079438281316791759e+00
-1.068154942778318173e+01,1.906118003459176080e+01
-1.874714070624548512e+01,-1.095776020259209105e+01
-7.950696776472588878e-01,2.171820233938776923e+01
2.082814724743343149e+01,-6.029827157729698683e+00
2.164150952912639170e+01,6.342330875818954494e-01
-2.201839043650054961e+01,-2.948849073350335193e+00
-5.515791464349774742e+00,2.125575565940896183e+01
1.864181689744410875e+01,-1.039069892006676099e+01
-1.091195941828933513e+01,-1.874639452871591772e+01
-2.135315588784518681e+01,5.047596211907871222e+00
-1.931683651045414152e+01,-9.549153548189000418e+00
-7.094615069502938631e+00,-2.083493265330799105e+01
-2.114482405274113574e+01,-5.189588756517125923e+00
-8.528265651558756488e+00,-2.006909478894455745e+01
5.592905302720231120e+00,-2.155697956804671378e+01
1.000580484648030222e+01,-1.900604018078124113e+01
1.538623225215890677e+01,-1.418291414513495674e+01
-1.175615989755998037e+01,1.763072655153288082e+01
-2.167611757519765447e+01,2.154440164410150960e+00
-2.186755463849522130e+01,-2.617476270794540927e-01
-1.379495646550716881e+00,-2.212607062552990911e+01
-3.970782704856022249e+00,-2.143784568030492466e+01
-1.195190720270959162e+01,-1.750390486286643466e+01
-8.025971224946919946e+00,1.990832380668828705e+01
5.266398481620194971e+00,-2.123099992907753020e+01
-5.061480404924415311e+00,2.089280513866945554e+01
-1.809161111705953573e+01,1.068891820240587265e+01
-2.044629302543132710e+01,6.526612002694635706e+00
5.986788725904981234e+00,-2.060842693867012443e+01
7.785860307841712569e+00,-1.976557875561618260e+01
3.256978769487515191e+00,-2.122984836948846876e+01
-6.786539861554438779e+00,2.016331588430530530e+01
7.344773036896040663e-01,-2.151232930344790262e+01
-6.459716011843508632e+00,-2.030246102152625909e+01
2.100932172969896783e+01,4.086119732611471989e+00
-1.396738234935327938e+01,1.488773159793906586e+01
-8.552845947518417091e-01,2.115654950660284683e+01
-9.480964324169898205e+00,-1.849667294639153425e+01
1.964494940896275921e+01,7.619244641089038872e+00
1.723428799688443647e+01,1.135999573910569360e+01
1.587768579065354579e+01,-1.308175836261522385e+01
3.704704807577969383e+00,2.060319090661557695e+01
1.249146199450566463e+01,1.637174400218849257e+01
2.083058531189160334e+01,-2.509718138223141715e+00
9.584983854189378150e+00,1.845978034769968446e+01
-1.983441256364288918e+01,-7.133734380481149273e+00
8.864083103384274409e+00,1.866651165937913603e+01
1.912736090876230577e+01,-7.854469918476461032e+00
-8.110927571664847235e+00,1.897131064425609281e+01
9.548657123277019210e+00,-1.788157722748140799e+01
-1.397534808933878381e+00,-2.101650839245672486e+01
-1.673183199192189008e+01,-1.119719474614725208e+01
-1.774017449380725608e+01,9.973261859841825228e+00
-1.481672335987352973e+01,1.341623566021608127e+01
-2.092545351946165511e+01,-1.960062912499322962e+00
-1.944486219839185637e+01,7.374215821002094273e+00
-1.759403630355695114e+01,-9.570837272440197552e+00
-1.369562828185100400e+01,1.429085478845273549e+01
1.609482937825141846e+01,1.226985637920214067e+01
1.803367574202744450e+01,9.461118222023628732e+00
2.024572032613183836e+01,5.349283453989616355e+00
2.063854406157998866e+01,3.316322863192636916e+00
-1.148879695610948204e+01,-1.599201281942429986e+01
1.349011124698069786e+01,-1.419766021228405783e+01
1.627420852274855179e+01,-1.114510726998142154e+01
1.391026237363888463e+01,1.372004740880937312e+01
1.230044544438873011e+01,-1.494902844264252906e+01
-1.988867281329114078e+01,5.584838609141625554e+00
2.069280740898752313e+01,-1.127823727441666923e+00
-8.610040830545987456e-01,-2.064682924894314908e+01
-1.357026592862145797e+01,-1.384330555677356855e+01
1.992041698615542344e+01,-4.973698776258380860e+00
6.544607337299334304e+00,1.918691182546724860e+01
1.630348814636186461e+01,1.103024736467288847e+01
2.257925308960077704e+00,2.028457905005274142e+01
1.193155925457786282e+01,1.545386060596837119e+01
-2.048601109811087539e+01,2.075035025541436706e+00
-1.924875198365965545e+01,-6.376891459738535772e+00
-7.431649155754715075e+00,-1.882415387096968828e+01
-2.026970977024458520e+01,-1.384585343200540608e+00
-1.961309227084984386e+01,-3.467953213883091745e+00
-4.011238147984165892e+00,-1.971557388143841294e+01
2.906761537026779418e+00,-2.004119524484985959e+01
-4.495900245764969938e+00,-1.925628517301410270e+01
-1.725165092913430342e+01,-8.495709482544809177e+00
-1.201013857947490848e+01,-1.460504162849220045e+01
2.034926704207824955e+01,7.752695103350589756e-01
1.852893598404743969e+01,-7.713672184160317968e+00
-1.659351305460855075e+00,-1.916782662264454373e+01
-1.918362403543257955e+01,3.729457883192321521e+00
7.262217990649605603e+00,-1.804300761847457935e+01
3.388516312509450401e+00,-1.886113329185626597e+01
-3.498559772043239313e+00,1.994212085665315826e+01
1.883207300194370148e+01,-5.567573528526946980e+00
-1.581084966315808060e+01,1.078317555369664937e+01
1.719617819469906905e+01,-8.752066379081005820e+00
-1.787198773793816287e+01,7.001377045167651580e+00
1.165277143716635599e+01,-1.515404300395935167e+01
9.387880981673285774e+00,1.761741901623929962e+01
-1.750789933839594026e+00,2.006353303791846443e+01
1.642090690193785463e+01,-9.735844189217532474e+00
-1.257790496703704086e+01,1.435627614559125753e+01
1.446601919039500572e+01,-1.184762386161295389e+01
-9.582509172759197114e+00,1.676349411927162691e+01
1.010152775956546556e+01,-1.602196310327282802e+01
6.412942638928365469e+00,1.854174368161345043e+01
1.067203626240034353e+01,-1.558393886888608471e+01
4.167815626694619802e+00,1.911101618328018859e+01
4.745386522484547953e+00,1.893027448427947235e+01
4.833526369807660816e-01,1.961307669530937758e+01
-6.627848486479512857e+00,1.827149228265660241e+01
1.562887203626198707e+00,1.953872566640838215e+01
1.845235711243505605e+01,6.793648280531887629e+00
-7.413444029658684542e+00,1.767177315372005353e+01
-5.878008110746525183e+00,1.831844944522158514e+01
1.322868875150765255e+01,1.306295470813882531e+01
1.822639065069101250e+01,6.308188487839486491e+00
1.469937029589483934e+01,1.143923897229752917e+01
1.863991801978144025e+01,3.956770555666381917e+00
1.709891936146927449e+01,7.913636211582920410e+00
1.223845342844431983e+01,1.375503867454715490e+01
1.038095920073728706e+01,1.529100826913114020e+01
8.850829550569750737e+00,1.625919933590507327e+01
-1.359091546660449623e+01,-1.276027659068845921e+01
-1.394691769465583242e+01,1.226449403935209048e+01
-1.528388460676092286e+01,-1.074820275255535407e+01
-1.838855206541673581e+01,4.826098211905024193e+00
-1.900635892194772225e+01,6.995943617040826235e-01
-8.924626916118610254e+00,-1.612942503330975796e+01
8.181725813471459219e+00,-1.621586243383602266e+01
1.851608067283634185e+01,-3.466444483742234794e+00
-1.576818532217840030e+01,-9.562411255446807701e+00
1.676120156107629100e+01,-7.572943263656177315e+00
-3.992007615560501321e+00,1.835436952823563672e+01
1.460185380586451132e+01,1.049192409422177086e+01
-9.338554490856745716e+00,1.550673724265410058e+01
-1.861876713628947400e+01,1.958115514839152471e+00
-6.173668867607133848e+00,-1.750565804061539055e+01
-1.159947471628425575e+01,1.353683166806890625e+01
1.882087560154351280e+01,-5.203166632204236919e-01
-1.337733484973587572e+01,1.133873262298957663e+01
5.918705706243731157e+00,-1.749272450876080143e+01
-1.743688907658037479e+01,-6.120726219008916225e+00
1.058244027018991673e+01,-1.385610645061816193e+01
1.521256091868882265e+01,-9.248154757608187282e+00
-1.709180004078340431e+01,-6.815269251304452602e+00
-9.772730627902369349e+00,1.468375417358008583e+01
7.409521073752293852e+00,-1.658421117475555917e+01
-7.358509570966925928e+00,-1.667182077339255031e+01
1.830822280396131774e+01,2.546860791306908567e+00
1.369534960361997733e+01,-1.033740970429960981e+01
1.783662966334778233e+01,-4.339522593260089600e+00
-1.831392401882808940e+01,-4.349243366018007428e-01
-1.291049795953368040e+01,-1.138502234850596295e+01
1.691543795391363858e+01,-6.128942904243268153e+00
1.784491838242827200e+01,-1.636368987689291732e+00
1.790871365792942882e+01,2.044507496351018194e-01
4.390246909743857451e+00,-1.704937297349046332e+01
-1.804176146534948089e+01,-1.847606807067629697e+00
1.686620302889220113e+01,6.337796726267219682e+00
1.705061170575716378e+00,-1.750313336933228925e+01
-1.543076583919518541e+01,-8.521725421874419837e+00
-3.519928974703711688e+00,-1.737290885702745413e+01
-1.770846014408561686e+01,-3.674468376047489215e+00
1.552041577717258036e+01,-7.700548138353251026e+00
1.409243553880195066e-01,-1.742588828083921726e+01
-1.733715529873850869e+01,-4.442411784418959897e+00
8.170121844688177148e+00,-1.468114764650519177e+01
1.440871611710464961e+01,-8.794206480349478383e+00
-5.634690684391725490e+00,-1.630242632196658903e+01
-8.064971786689673294e+00,-1.502940932477048364e+01
-1.491065667492037061e+00,-1.732079885066822911e+01
1.517529788188623741e+01,8.667256060391618888e+00
-1.645329677928964784e+01,7.179766916016650846e+00
-1.058831472937852958e+01,-1.325222826157111378e+01
-1.601213096772696787e+01,7.683542452348989471e+00
-8.545316113507801514e-01,1.808631738467038019e+01
1.702286427416934345e+01,3.589435950724020774e+00
1.553618244848998131e+01,7.445697704897705549e+00
3.869564795974086202e+00,1.750036231248876462e+01
-1.741737851898227518e+01,2.098315753572470133e+00
-1.723479005698888500e+01,3.522942538520289268e+00
1.330041262073508435e+01,1.022997470552382460e+01
1.598357897721862875e+00,1.760049903377074543e+01
-4.650622080320629403e-02,1.767372909327951902e+01
5.620412803013775438e+00,1.643296341340699129e+01
-1.993903744144441825e+00,-1.697148958104773087e+01
-1.512239388415457775e+01,8.302758053436054553e+00
-8.354007895178481746e+00,1.486749405574008875e+01
-4.553241728836558977e+00,1.669725761712671286e+01
6.718049337810045429e+00,1.576994706167392479e+01
-1.619577784047626068e+01,5.742485177654756967e+00
1.091910690561688391e+01,1.266239634269406267e+01
-9.186088096400144565e+00,1.413913364261689232e+01
-1.331653726737244270e+01,9.936128077517370372e+00
-2.011785233673110351e+00,1.698646429863145357e+01
1.594882394764196043e+01,-5.252701559780039275e+00
9.636630973271335776e+00,1.357719536398955817e+01
-9.371143712183760854e+00,-1.356770613193627284e+01
3.062365119990121620e+00,1.668928220280602659e+01
-9.989955876329332796e+00,1.302527126800810109e+01
-1.530265996785132998e+01,-6.553977667195459489e+00
-1.377701014566643067e+01,8.908874968848699893e+00
9.699671334636484232e+00,1.311067172259055980e+01
1.073247979275723907e+01,-1.182487550485433303e+01
7.049784195706481071e+00,-1.460917900963457505e+01
-6.588765173043503509e+00,1.493346318078552670e+01
-1.622389754216758817e+01,-3.741055222267120950e+00
-5.931928364878895188e+00,-1.498010078777812026e+01
-1.658936818876814456e+01,-4.210604416864803801e-01
1.267755919524947572e+01,9.879655010862402165e+00
1.153044187526355557e+01,1.104952072633437510e+01
7.373530585966657114e+00,1.418925595530124362e+01
-6.963261816753455236e+00,-1.431230955215392697e+01
-1.628482063987630468e+01,-1.104253558923569800e+00
-1.177588035920265597e+01,-1.010005853536504894e+01
-1.279745058238242983e+01,-8.660507192638094764e+00
4.242692857988660471e+00,-1.570845732439751430e+01
1.094700401847829063e+01,-1.077623330270446012e+01
1.637908417657506632e+01,-1.825961430208924208e+00
1.278863095391393934e+01,-8.642188241226751444e+00
1.586219707778074373e+01,-3.652644354676854554e+00
-2.158412127267311131e+00,-1.604581623495313281e+01
2.987584973228689655e+00,1.606235603518625865e+01
1.626205052748031932e+01,1.715614888066425703e+00
9.005878338599439203e+00,-1.199148695233669848e+01
-1.383422092645118839e+00,-1.600333803345699124e+01
-4.806780346577531837e+00,1.531233777833898024e+01
-1.188198970359203699e+01,8.921588275190009298e+00
-3.439855742857854448e+00,1.575073815466782001e+01
-1.077982011024872655e+01,1.012921715406403500e+01
1.536576420050100644e+01,4.646753593060569898e+00
1.509014325965578607e+01,5.342145214660980024e+00
9.986789767081450719e+00,1.099074035007874350e+01
1.114955998355651445e+01,9.725105381883087929e+00
5.488919966655101401e-01,-1.580292119573033105e+01
-1.583422602545992852e+01,2.097762241390868088e+00
-1.476415454989613352e+01,5.483945396400071282e+00
3.522100921080083324e+00,-1.521300474721097018e+01
5.670362930123369338e+00,-1.451071655838482144e+01
-1.535358979517772759e+01,2.600676880836045424e+00
-7.370178577561193656e+00,-1.294102905756209765e+01
-1.277633142657164766e+00,1.571663620800663352e+01
-1.358370541333285964e+01,-6.560391405324804026e+00
-1.102539733986450621e+01,-9.640882665416212305e+00
-3.112146262649730488e+00,-1.451080936021794088e+01
-8.856803227610098972e+00,-1.158446093328690019e+01
-1.232971196844091111e+01,-7.989595278997050798e+00
1.282278704457292307e+01,7.626752396138549273e+00
-1.499295987682170761e+01,8.400010363851152517e-01
1.365280806499641209e+01,-6.705288002194055963e+00
-6.369755668303390905e+00,1.328912709579520879e+01
1.533693947079202857e+01,2.894824821881889498e+00
3.931111904713874949e+00,-1.424402923686842826e+01
1.548572989496929786e+01,7.219371855579086450e-01
-1.288495114675970399e+01,6.268830480864529875e+00
-9.943824394607638339e+00,1.021385175742787332e+01
-1.412073616235519324e+01,-4.216498674783244027e+00
-1.030945246008545446e+01,9.519624565150008877e+00
-4.050179908628575909e+00,-1.362880991362356298e+01
1.523775533461615872e+01,-7.102342233937990468e-01
6.095461334948465648e+00,-1.322309642685344677e+01
8.076870173463252200e+00,1.206023840953544202e+01
1.392994466783984198e+00,1.501230558668436288e+01
1.461191988292898358e+01,3.709616329987103001e+00
-1.448630518289773761e+01,-1.169430451658837189e+00
1.262806999292127941e+01,-6.981391874705236589e+00
1.188839067950884498e+01,-7.957068702028140095e+00
1.224252349381525384e+01,7.378100040701961682e+00
-4.238680078481299240e+00,1.362501116939813706e+01
-8.852650899667018791e+00,-1.069526048334489410e+01
4.057912883515091274e+00,1.386540119238556557e+01
3.318529080870473713e+00,1.388381004333551871e+01
6.807938420976266336e+00,-1.208196424531311841e+01
5.834159562443232971e+00,1.288791640400125083e+01
-1.400571695548668316e+01,-3.285284613704485324e+00
1.373837614322700240e+01,-3.893664250012622841e+00
-4.091456330630354188e-01,1.429108958197329748e+01
6.955821678100052807e+00,1.216498980162227284e+01
-2.654398365590269648e+00,1.387967697890377572e+01
1.419372320479243221e+01,-1.223934925963530151e+00
1.366595542693904974e+01,3.762319304259652775e+00
-1.363320258088228165e+01,3.486447058904142082e+00
8.958529027858574523e+00,-1.015190984111882067e+01
1.317504236844224508e+01,-4.484800980797815306e+00
7.716044023190381518e-01,-1.385600666228311972e+01
-1.119433476906657887e+01,7.884153937170186310e+00
1.448008598124251201e+00,-1.372653804259142696e+01
-1.407305712112063567e+01,1.445479250605337773e+00
-1.295914581694760948e+01,-4.572177022048137474e+00
-6.960737356426672129e+00,-1.148655272879868683e+01
-1.037689526210569113e+01,-8.501051344225693640e+00
1.167933287984124924e+01,6.423547404619282197e+00
9.894361472770823340e+00,-8.544031351370717786e+00
-5.776796272973355961e+00,1.199345656316719477e+01
-7.255673769236703485e+00,1.070955971323898304e+01
6.134244854319593543e+00,1.168168374180764779e+01
9.195016336620053465e+00,9.418016387078161245e+00
8.567874977281757509e+00,-9.597836459688080524e+00
-8.986399487926304275e+00,9.049533055555940564e+00
-7.750310658761442539e+00,-1.039328170236508342e+01
9.888024967359065442e+00,7.775965938016747181e+00
7.019565273302599273e+00,-1.045651219605476179e+01
-1.214072660266790571e+01,-5.070484416523499682e+00
-5.206464316835092809e+00,-1.206830515498724132e+01
2.644667880434517393e+00,-1.303516535533616327e+01
4.153049897623087183e+00,-1.257527089002442366e+01
1.362007552024070378e+01,-4.088388582506135016e-01
-1.173876130680792862e+01,5.464895295500161509e+00
-1.294766081695228621e+01,2.632669747358119317e+00
1.338876346405514361e+01,3.683171204048552583e-01
-4.094541731034007093e+00,-1.233409793802599097e+01
-1.579872917043060543e+00,1.309300008246206737e+01
2.173700523820841557e+00,1.299979763534972577e+01
-1.038114922298623011e+00,-1.294561067599513038e+01
-1.305013751968664160e+01,-1.355583438242255800e+00
1.254791719270688510e+01,3.601785279117805327e+00
1.299037088217365543e+01,-1.454146926551838526e+00
5.397808891638221418e+00,-1.161057298815350514e+01
-1.094891247338856921e+01,-6.153026849472954751e+00
-2.409357155898081082e+00,1.227653987603991581e+01
9.865678589300673096e+00,-7.328544780527895597e+00
2.562922565294062593e+00,1.213047881308630416e+01
-1.096967209925243836e+01,5.273134215157076810e+00
5.228633670087504015e+00,1.106503870512806742e+01
-2.365112922647506721e+00,-1.223718167795134448e+01
-9.923840857211937205e+00,6.876514189609645555e+00
6.561593852499385982e+00,9.974586409811967869e+00
8.550322207544637509e-02,1.207392349956004196e+01
-6.216814615632417329e+00,9.962571706601329069e+00
1.079839090159203074e+01,4.930124880437869450e+00
-1.229228056342022590e+01,-5.658291652914381187e-01
1.022213320925960067e+00,-1.213371429790854350e+01
7.274330141055005861e+00,9.152528751636527460e+00
-1.135331620736688762e+01,-3.532342310398705276e+00
9.142291250875707931e+00,7.131423404010757139e+00
1.154932483132185439e+01,2.697875380478765628e+00
1.156787737526278725e+01,-3.788123366613365128e+00
-9.003087414507387365e+00,6.793281884757052858e+00
-8.368610129103485562e+00,-8.186079084652742921e+00
-7.627312898176601408e+00,7.869165217027558334e+00
-8.517877473956800838e-01,1.125943791034599961e+01
-3.310372184953154218e+00,1.044696802023011450e+01
-1.196589361468321755e+01,4.529651529879801797e-01
1.184000627729170319e+01,8.641637317267170104e-01
3.816693378139474291e+00,1.034569437317496110e+01
-7.319183454699764724e+00,-8.562913410925975910e+00
-1.095009830160398856e+01,-2.718716864599096450e+00
9.747989726160882995e+00,-5.800583007223087506e+00
-3.881035679723450649e+00,-1.069104007680129342e+01
1.146520070847277317e+01,1.053734142369044530e-01
1.096360432413330521e+01,-3.266981049602606380e+00
-8.109935869549817156e+00,-7.272843369815992887e+00
2.768009737653130298e+00,-1.072992476574554743e+01
-1.143300669198920261e+01,4.828117526734274634e-01
-2.879786126688645975e-01,-1.102340342706884790e+01
7.172396320692175031e+00,8.033201835650013223e+00
6.852045189685907367e+00,-8.503804647832049923e+00
1.078414184049076852e+01,-1.869626931755527410e+00
-5.768549493966456332e+00,-8.725884315134800673e+00
5.298195078892037557e+00,-9.387719131805008388e+00
8.541901888476383320e+00,-6.224199556702793679e+00
-8.150113059033383678e+00,-6.619150847673872740e+00
-2.777356573646533988e+00,1.041895954682771830e+01
-9.493804379114036962e+00,4.753063470670390700e+00
-1.015823056877854746e+01,-3.004364104008708569e+00
-5.487547627151634799e+00,8.857435688718664935e+00
2.769988140443324198e+00,-1.013453522043842625e+01
2.474209035784883381e-01,1.077632053870313023e+01
5.033459136461067018e+00,9.034818892315694683e+00
-1.908299120717822595e+00,-1.072083219594072645e+01
-8.810339981357925510e+00,-4.846027584249674725e+00
1.086631100445253395e+01,1.315667266039250993e+00
8.786504681500849401e+00,-4.865587553455037906e+00
8.118040435476457262e+00,5.881244583357411848e+00
-6.463778493264218383e+00,-7.363772019371566557e+00
-1.035927464585322078e+01,2.221400151834240777e+00
-8.160405753796501571e+00,5.819442167470495697e+00
8.410716639092889579e+00,4.775311404328706821e+00
-5.485346906802087474e+00,-7.819563362600866263e+00
7.337669485193465846e+00,-6.113920826181047374e+00
9.549133424501830447e+00,-2.644764483660847709e+00
-7.326588972808938394e+00,-5.553423905472817168e+00
-2.271519704239788329e+00,-9.584981120005979349e+00
3.636911842698640651e+00,-9.218051774743866389e+00
9.561331768319382363e+00,2.609402439450107192e+00
-9.861165016474737754e+00,-1.176643177633422299e+00
2.591582409614060278e+00,9.342706607171770372e+00
-1.673280217343614984e+00,9.404266420060793052e+00
4.596055589084981463e+00,-8.153709137651169669e+00
5.304210746239786722e+00,-7.246629343075992047e+00
8.870382933839410455e+00,2.048433044165655748e+00
4.659335353569075799e+00,7.900626276023699823e+00
-8.893163165787294488e+00,3.231389114245561522e+00
6.660819135789475709e+00,-5.366067356051269499e+00
1.754402471683176756e+00,9.083644803685592350e+00
3.802636385025965349e-01,-8.842430140767344682e+00
-8.896829730853552221e+00,-2.549616154645025112e+00
-9.070073382243988291e+00,2.012096578951523274e+00
-4.699760116065949234e+00,7.786952070615646981e+00
-5.624478054075559896e+00,6.696641963676015941e+00
2.105205285975607854e+00,-8.264838737165916882e+00
8.135730235304631464e+00,3.340056512083486862e-01
2.006059438103695025e-01,8.708188743146571653e+00
7.778893646548931784e+00,2.732965624716199304e+00
3.232729995654274102e+00,-7.658667455023024928e+00
-6.749780367873686515e+00,5.347228125737670368e+00
-1.729537749955359027e+00,8.523350765638488369e+00
6.520963590288049616e+00,4.450585791133817359e+00
-3.061085475933707833e+00,-7.554543797424124740e+00
2.701076644523387138e+00,7.618096402461976169e+00
-8.809657656278385929e+00,-4.353060979562069222e-03
3.097613160443049907e+00,-6.656185460837577672e+00
-7.556743689947817977e+00,2.722199529221545511e+00
7.343736825184355332e+00,-1.490441636698770278e+00
-3.408110933484758576e+00,-6.558712074849277762e+00
-6.892786946323905539e-01,-7.312333884863869926e+00
-2.940935364663587737e-01,7.670034983858902145e+00
6.748609256490428088e+00,-1.283509047981852502e+00
5.599344649921345507e+00,-3.386077231523255460e+00
4.491590115140740025e+00,5.585917584756740162e+00
-4.805123150887860461e+00,-4.923904707302417805e+00
5.858922984502370035e+00,3.681638707907688435e+00
-7.176178435856663818e+00,-1.820594639097640410e+00
-5.370118544380670045e+00,-3.784897603792214404e+00
3.712028152892443700e+00,5.627743495913406058e+00
2.171604202598784283e+00,6.148804984173267485e+00
-3.201269138792533830e+00,-5.324059667332750934e+00
-7.211251129152151940e+00,1.778328778114708353e+00
-3.949073400775542364e+00,5.398432275164520178e+00
-6.942990094068361984e+00,-2.543680945874328692e-01
1.203236856862364590e+00,-6.460207133384847644e+00
-3.565080150968090944e+00,-4.802852222240521662e+00
-1.778954184375524994e+00,6.349471412781331203e+00
2.784491035170924444e+00,-5.057460845274058592e+00
4.060703999621757099e+00,3.928716438353905271e+00
-6.511529019047412881e+00,-1.540956346689647871e+00
-2.822499834622514747e+00,5.272055914707775237e+00
-3.882878312218068118e+00,4.453826317941831370e+00
-5.750605263110459831e+00,2.631497692945733990e-01
-5.296163030757679913e+00,2.472254749044950461e+00
6.137579206249321295e+00,1.435693639030153790e+00
-4.802028687676191510e+00,3.887237325675344302e+00
5.224930181719075861e+00,-2.710470798434332806e+00
-2.026401328640433430e+00,-5.574114907655859597e+00
5.188098888760292127e+00,1.635973871858697803e+00
5.020355496675160012e+00,-2.160820845219661113e+00
-1.076430113921279658e-01,-5.308164459399345780e+00
-4.235608278477214661e+00,-3.169778302976837825e+00
3.098859921285449293e+00,-4.214669578515911397e+00
-3.753483769144655424e-01,5.766503690004653571e+00
1.287111196261052706e-02,4.740921494201576714e+00
-9.603084049899023311e-01,-4.420954936830113979e+00
-3.309906169156298983e+00,2.974155082150046425e+00
5.219094668342470378e+00,7.205171696114615054e-01
4.822713355214483855e+00,-1.341748996796546800e-01
2.058874744839287896e+00,-3.974750716888625135e+00
-1.174949329084017613e+00,4.176739113670448589e+00
2.808167916045482215e+00,-3.197625485735546391e+00
3.715764435343332561e+00,1.824324980891198100e+00
-4.278364225273780796e+00,-2.690303739496132107e-01
-2.976316964271253251e+00,-1.959614998954713805e+00
3.275699038623173909e+00,-1.418042852255209763e+00
9.842581338470844932e-01,3.386247792612516516e+00
1.854894286542178472e+00,2.335208270824125520e+00
-1.734115403356862206e+00,-2.316396836578251239e+00
2.783773746130115523e+00,1.272618439751397990e+00
-6.846718621854104292e-01,-2.922842964324345871e+00
-2.652492138239494146e+00,2.763997181978257722e-01
4.320323628290753670e-01,2.490792040014465414e+00
-1.720385199040146418e+00,1.766999992922863028e+00
-2.164624579951407668e+00,1.491649623306889438e+00
6.469781831744374490e-01,6.300097257101240633e-03
8.968489946603361851e-01,-1.357167801199455903e+00
-8.664974895815635847e-01,-1.637003549072539865e+00
-1.185623676143321648e+00,-2.822224954139446185e-01
