cited	published_commit	committer_date	status	subject
7fca38a	ce27f53122466485c785f70873f21021f58d9586	2026-05-11T21:07:23-07:00	pre-2026-09-21 hash (author e-mails were normalised that day; tree, date and message unchanged)	Consolidation pass after Phase 34a-b: codify right-null discipline as standing methodology
16b8e8b	8bd514a8b1b2b9d6f1fccdfad54ee4c809f5b71d	2026-05-15T00:24:43-07:00	pre-2026-09-21 hash (author e-mails were normalised that day; tree, date and message unchanged)	Phase 34e + 34f briefs: SL(2,ℤ) Maass calibrator + Bianchi closure for Q(√−3) three-coordinate joint statement
a458e02	5ed602e5ef05940cf295422e77b4e6988f86574e	2026-05-15T00:52:28-07:00	pre-2026-09-21 hash (author e-mails were normalised that day; tree, date and message unchanged)	Phase 34e §7.ter.52: Γ₀(N) Maass calibrator — Sarnak anomaly replicated across 6 squarefree levels (N ∈ {91, 95, 85, 77, 93, 87})
0723183	591a04d1580763377688194b7ace76b24c215f7b	2026-05-15T12:14:01-07:00	pre-2026-09-21 hash (author e-mails were normalised that day; tree, date and message unchanged)	Phase 34e §7.ter.52 amendment: Sato-Tate normalization investigation CLOSED — verdict upgrades to full SARNAK_ANOMALY_REPLICATED_AT_GAMMA0_N_SQUAREFREE
ca090d4	cd68cc1ee5a2810ad4b46bd1b838e63d20702d2a	2026-05-15T12:27:26-07:00	pre-2026-09-21 hash (author e-mails were normalised that day; tree, date and message unchanged)	Phase 34f-G §7.ter.57: 3-D Bianchi pipeline VALIDATED_READY_TO_FIRE; Picard DATA_ACQUISITION_BLOCKED; synthetic-validation harness caught a Berry-Robnik fitter bug that amends Phase 34e Test 2
c2cbf22	76c15d2dfa1570e613b07e271175277ca9a537b0	2026-05-15T16:54:15-07:00	pre-2026-09-21 hash (author e-mails were normalised that day; tree, date and message unchanged)	Phase 34f-G reconciliation: pin Bianchi-Z[ω] volume to Humbert-direct + commit execution plan with §F.2/§C.2 reframe
b1361d8	e69034d5761954af9c95bd1b0875eca88b11b588	2026-05-15T21:39:23-07:00	pre-2026-09-21 hash (author e-mails were normalised that day; tree, date and message unchanged)	cohomological-H §3 RESOLVED: data path = bianchi-data newforms/ (in-env, schema-documented); LMFDB demoted
8a82346	843f3b4e92d03cc471a1c5a3c7881575b778e116	2026-05-16T01:03:03-07:00	pre-2026-09-21 hash (author e-mails were normalised that day; tree, date and message unchanged)	Phase 35a brief REV 3: P1 resolved (preserves) — Fibonacci NNS is a DGY-computed log-periodic renormalization-phase cycle
74e0213	7be05520a274dfcf8116b789e16680c0523a53e9	2026-05-17T03:42:34-07:00	pre-2026-09-21 hash (author e-mails were normalised that day; tree, date and message unchanged)	Phase 35a §Q3 results (signed-off rev-6): U_NOT_REACHED (all λ, decisive); U-shape + large-N λ-collapse; L-conflation catch surfaced
745b215	c087d04c4d85c0d751176567e29c86d3d4d3316d	2026-05-17T23:31:33-07:00	pre-2026-09-21 hash (author e-mails were normalised that day; tree, date and message unchanged)	Phase 35a Step-2 GATE: §5b anchor-constructibility analysis (pre-§3 gate)
61e11d5	e26cba55658835c11ec20f8a0caadda97ad68a5c	2026-05-17T23:38:02-07:00	pre-2026-09-21 hash (author e-mails were normalised that day; tree, date and message unchanged)	Phase 35a Step-1 RE-GATE: IDS-unfold leg cleanly VALIDATED (substantively-correct gate)
aa33e44	a1e9bae277e4e283e8d9c0af3211d1fa4294a456	2026-05-20T01:56:03-07:00	pre-2026-09-21 hash (author e-mails were normalised that day; tree, date and message unchanged)	Phase 35a slate-3 progress log: Test 1 flip-N phi-check + C2 Fibonacci spot (local 18w)
9020c24	7fdae063c7dd56698f88e65f52a16baf853a2d79	2026-05-20T01:59:42-07:00	pre-2026-09-21 hash (author e-mails were normalised that day; tree, date and message unchanged)	Phase 35a slate-3 progress log: C1 theta-robustness curiosity probe (local 18w) -> THETA_SPREAD_MIXED
e53154a	79f11819dd7f2933c3521a71e8d26d19d4aae33f	2026-05-20T07:40:09-07:00	pre-2026-09-21 hash (author e-mails were normalised that day; tree, date and message unchanged)	Phase 35a slate-3 progress log: Test 2 sup-side L-extension (local 18w, bo73me0uq) -> SUP_L_CONVERGED
f7ae4e9	8078b2e1f535ba10326018146025edc247c3244b	2026-05-20T14:50:32-07:00	pre-2026-09-21 hash (author e-mails were normalised that day; tree, date and message unchanged)	Phase 35a slate-3: STEP-1 VERDICT MATH Tier 1 (Will authorization) -> N70K_FLIPS_RETRACTED
d027967	072e46ac086bf520db4bf0ebcd1545e0140fc99c	2026-05-20T16:04:53-07:00	pre-2026-09-21 hash (author e-mails were normalised that day; tree, date and message unchanged)	Phase 35a slate-3: Sensitivity Tier 1 at flip-N (Will authorization) -> NON_UNIFORM_EXPOSURE_NOT_RETRACTED
928c0a4	1db9e87c8a00ef00c840b299ed2d4c867c09c7e4	2026-05-20T18:21:49-07:00	pre-2026-09-21 hash (author e-mails were normalised that day; tree, date and message unchanged)	Phase 35a slate-3: Tier 2 sup L-extension @N=50k (Will authorization) -> N50K_SUP_L_CONVERGED
d069ec8	75413e3edccc3e8155ca4504c2a6746d3e6e74df	2026-05-21T01:52:56-07:00	pre-2026-09-21 hash (author e-mails were normalised that day; tree, date and message unchanged)	Phase 35a slate-3: Tier 2 sup L-extension @N=100k -> N100K_SUP_L_CONVERGED, overturns rev-5.1 inferential
7a66ff6	e1700b114cc42905434be1e8c9cd99db3d8a2f8e	2026-05-21T05:34:38-07:00	pre-2026-09-21 hash (author e-mails were normalised that day; tree, date and message unchanged)	Phase 35a slate-3 slate: Test 3 sub-side L-extension @N=70k/N=125k -> SUB_L_STILL_DECAYING
ef98c28	4ddc85654fa4696fdbb5e97097ed6f568bea8e28	2026-05-23T16:31:33-07:00	pre-2026-09-21 hash (author e-mails were normalised that day; tree, date and message unchanged)	Fix aggregator: cap Family II window count + searchsorted (~200x faster)
015f758	8127941eaee7617a8017d8ab50fcf59e3743d74d	2026-05-23T17:21:11-07:00	pre-2026-09-21 hash (author e-mails were normalised that day; tree, date and message unchanged)	Family-II consistency re-run: pvc-11 + arithmetic on fast/corrected Sigma2/Delta3
ec82368	a9429e668624e8b2c3f93ed3e549efa392cc961c	2026-05-23T23:39:24-07:00	pre-2026-09-21 hash (author e-mails were normalised that day; tree, date and message unchanged)	Cross-substrate: lambda*(class) is a continuous approximability stratification (progress log, NOT validated)
5b72706	29ac59e11691fa3ab9cbf2bc1568fa2313c39492	2026-05-24T11:45:33-07:00	pre-2026-09-21 hash (author e-mails were normalised that day; tree, date and message unchanged)	Cross-substrate: brocot.fm bridge test — approximability stratification transcends operator family (progress log, NOT validated)
12e5c1b	c5f72fd0c8589d1829ad0486156518f571566452	2026-05-24T14:44:09-07:00	pre-2026-09-21 hash (author e-mails were normalised that day; tree, date and message unchanged)	Cross-substrate: approximability axis extends to 5 operators + population fragmentation consistent (progress log, NOT validated)
ee637c3	0b1f573113a5f171ba133b9309fa9f91d1c0f9fc	2026-05-24T16:14:11-07:00	pre-2026-09-21 hash (author e-mails were normalised that day; tree, date and message unchanged)	Cross-substrate: Job 3 dynamical breadth — Family-V landscape extended to 7 systems (progress log, NOT validated)
4172bc7	6c6b56fb856d9ec1061b107e19805f0be1237c89	2026-05-24T17:39:00-07:00	pre-2026-09-21 hash (author e-mails were normalised that day; tree, date and message unchanged)	Cross-substrate: Job 1 deepening — gaah/ext_harper stratification robust + N-stable (progress log, NOT validated)
61cc0c0	291e5c21ec74a606d6a9f8550e01ddfd593988ec	2026-05-25T21:05:23-07:00	pre-2026-09-21 hash (author e-mails were normalised that day; tree, date and message unchanged)	DEGT dimension CONFIRMED via growth-rate thermodynamic formalism — §3(k) resolved (progress log, NOT validated results)
db3645a	2e9b8a074ccba0e6b3fb963110b5fcfc51e3435f	2026-05-29T11:55:09-07:00	pre-2026-09-21 hash (author e-mails were normalised that day; tree, date and message unchanged)	Pillar-2 burst-control systematic: refined tally into CLEAN/ATTENUATED/COLLAPSED (progress log, NOT validated results)
6cc8c06	9e65faac495b5c8eaf18f5fba0b7da456f39b664	2026-06-01T10:37:08-07:00	pre-2026-09-21 hash (author e-mails were normalised that day; tree, date and message unchanged)	Phase 37: rate-robust two-axis re-audit COMPLETE — CV-16 artifact dissolved, real gradient revealed
95b2324	8a70f6c608e2e4cc4d347b63f7ecdb75003cdc6a	2026-06-03T00:52:29-07:00	pre-2026-09-21 hash (author e-mails were normalised that day; tree, date and message unchanged)	Repo hygiene: de-identify hardcoded $HOME paths; relocate planning docs to internaldocs
78e0ee1	9a5e7de208610370caa5714de8228b88a3a9912c	2026-06-04T19:41:38-07:00	pre-2026-09-21 hash (author e-mails were normalised that day; tree, date and message unchanged)	Long-range audit: zeta CONFIRMS GUE-class, pooled claims flagged, expected_survives relabelled
c8695ef	28cee51c837a314698b49c855933c5bb999a4316	2026-06-04T20:52:04-07:00	pre-2026-09-21 hash (author e-mails were normalised that day; tree, date and message unchanged)	Neural-pillar long-range audit: NNS under-certifies the Poisson pole too
1a6c7a1	030833ff35be737e2e762ef700713361f51e642c	2026-06-11T14:02:21-07:00	pre-2026-09-21 hash (author e-mails were normalised that day; tree, date and message unchanged)	Fix swapped GOE/GUE number-variance reference curves
1a84047	eb3235f97c43c879a64db5eaec8e60cfed022b4f	2026-07-01T09:40:01-07:00	pre-2026-09-21 hash (author e-mails were normalised that day; tree, date and message unchanged)	FIX-4: bank the mandatory Liouville non-empty-bands check (verified closed)
859907c	9072a3633c1672eff518b40ff2787264129c2554	2026-07-05T11:45:40-07:00	pre-2026-09-21 hash (author e-mails were normalised that day; tree, date and message unchanged)	toolkit digest: promote RF-vs-Family-II independence to a first-class discipline; state Thread E verdict at its true asymmetry
d15eab4	97ac03a081d30c6f07e45d5688630d49ccacaaa5	2026-07-05T14:56:22-07:00	pre-2026-09-21 hash (author e-mails were normalised that day; tree, date and message unchanged)	Session B (queue #3): fifth's five-face arc-table row; pi-292 depth-extension banked
9e3c743	fb699e75639101e5bc36c761ba777d10f8d109fc	2026-07-05T17:37:19-07:00	pre-2026-09-21 hash (author e-mails were normalised that day; tree, date and message unchanged)	TOOLKIT §9: record/Farey agreement is record-conditional, not independent joint confirmation
352231a	0e0beaa9a5425c6c1d1d564bf6a84647ba804def	2026-07-05T22:23:26-07:00	pre-2026-09-21 hash (author e-mails were normalised that day; tree, date and message unchanged)	Session D: AMO identification NEGATIVE (Sturmian != cosine); pi-292 predictor resurrected from Thouless law
5ab7b6e	4889e1de17fdeb22933607d656f5d8ae1e6a5c81	2026-07-05T23:15:30-07:00	pre-2026-09-21 hash (author e-mails were normalised that day; tree, date and message unchanged)	Session E: certified sparse inertia-bisection module; pi-292 depths 6-8 blocked on COMPUTE not RAM
44a7ca1	fbc8eaf086655747b545e31314ac541895ede28f	2026-07-06T01:38:09-07:00	pre-2026-09-21 hash (author e-mails were normalised that day; tree, date and message unchanged)	Session E-run: pi-292 depths 6-8 MEASURED; sealed Thouless retreat CONFIRMED
8535033	089ae3ef8147853af98386965ae3c17d99b8e21a	2026-07-06T22:44:18-07:00	pre-2026-09-21 hash (author e-mails were normalised that day; tree, date and message unchanged)	lambda addendum: reconcile with prior Panel A -- lambda->inf layer already done (DEGT ladder + liminf-K)
c79ce8b	67ae8c007863b0ced6eddf07bfa37a158dda260d	2026-07-07T11:07:05-07:00	pre-2026-09-21 hash (author e-mails were normalised that day; tree, date and message unchanged)	Overnight K: bridge banked (θ∞ ladder a=1–5, C(a=4) calib exact), scout GREEN; class instrument-limited, e-divergence by-refusal
5369d91	b21ebaf3ef263fce1e32dfb28abdbce63df6bea7	2026-07-08T00:45:15-07:00	pre-2026-09-21 hash (author e-mails were normalised that day; tree, date and message unchanged)	Session K (arithmetic-chaos): CP2 bridge banked (θ∞ ladder reproduced from GKW/CF transfer operator, machine precision), CP1 Maass Poisson per-sector (GOE excl 7-8σ; even GOE→Poisson crossover r*≈40)
f616c50	62d8c09f6de81be88b0905b7cb0251e920a83ad1	2026-07-10T00:04:37-07:00	pre-2026-09-21 hash (author e-mails were normalised that day; tree, date and message unchanged)	TOOLKIT §9: complete the guard doctrine — ceiling arm + reliability admissibility gate
dc007e6	f862d4c68e9bbd555e8770b1d279e8bed55ee5bd	2026-07-11T20:24:24-07:00	pre-2026-09-21 hash (author e-mails were normalised that day; tree, date and message unchanged)	Leg-2 exposure audit of the ARS path: call site CONFIRMED, 58% of cells stride-decimated; Farey calibrator confirms correlation-specific corruption and FALSIFIES my "lower bound" claim
bc81ac6	887400188a87eb107c46ebcd7cb5dd7d5151c488	2026-07-12T00:07:18-07:00	pre-2026-09-21 hash (author e-mails were normalised that day; tree, date and message unchanged)	Pivot trace: the "Poisson corner" is the rail. pvc-11 claim INVERTED; the viewpoint-dependence exhibit is MANUFACTURED (arm (d)); L-zeros "bimodality" is a property of the CONSTRUCTION, not of L-functions. Plus: de
38aadc5	4b3c12ea8926e8575ff2d6210fffa4f4140f36bf	2026-07-12T00:24:25-07:00	pre-2026-09-21 hash (author e-mails were normalised that day; tree, date and message unchanged)	The TOP rail: Brody q=1 is GOE, not "maximally repulsive" — GUE (q~2) is UNREACHABLE. The L-zeros bimodality is the fitter's two bounds; the zeta leg is artifactual too (and it's right, which is why nobody looked
002d834	3f5314057619ef05caf4a0fb2864d33f151e7573	2026-07-12T00:43:32-07:00	pre-2026-09-21 hash (author e-mails were normalised that day; tree, date and message unchanged)	THE LADDER DIES ON A CHANGE OF DOMAIN: the bottom rung is the CV-16 drift artifact. Allen-HPF med CV = 16.21 (CV/LV = 13.5); its MARGINAL axes are dead and its PAIR axes are TOP of the zoo. The ladder does not reor
d20f2b9	dd3fedb912f374de6c611ddf03724b53d5a47b38	2026-07-12T00:44:31-07:00	pre-2026-09-21 hash (author e-mails were normalised that day; tree, date and message unchanged)	BL is a PARTITION, not a class: 79.2% exact-0.000 (clustering detections) vs 20.8% interior (real weak-repulsion readings) — and the split is essentially BIOLOGICAL vs NOT. Prediction pre-committed and CONFIRMED.
7543de6	64dace0c1eaec7d79593f04a3e630e78190b1203	2026-07-12T01:28:11-07:00	pre-2026-09-21 hash (author e-mails were normalised that day; tree, date and message unchanged)	Standardized effect size: the demotion is REAL (35 SE -> 5 SE, survives standardization) AND the inversion is real — both. But the PREDICTOR is not the same statistic across substrates, and that costs me the cros
9ad46d6	8043f934f4069b0c02f5c941bd1d197525e71c4e	2026-07-12T01:33:05-07:00	pre-2026-09-21 hash (author e-mails were normalised that day; tree, date and message unchanged)	BL FULL SWEEP — arc closed. Detector validated on the repo's OWN calibrator (Poisson: 100% BL, 0/1000 exact-zero). Full population = PERFECT separation: fungal 194/194 and solar flares 191/191 exact-0.000 (CLUSTE
48645c541b	a3c7ff127a6e713c471563a578f4a90de9cb6af9	2026-07-12T02:25:58-07:00	pre-2026-09-21 hash (author e-mails were normalised that day; tree, date and message unchanged)	SEVENTH instance of knowledge-not-propagating: the literal-$HOME bug is in THREE MORE loaders. The truth audit fixed it at phase24/loader.py:49 and nobody grepped for other call sites.
6da3f807bb	954839d12e6099278549362c3aa607b2f51fd4fd	2026-07-12T02:33:21-07:00	pre-2026-09-21 hash (author e-mails were normalised that day; tree, date and message unchanged)	Overnight 2026-07-12 LAUNCHED (4 pre-registered jobs) — and the GATE already found an EIGHTH bug: the "2-98% tail trim" is a POSITIONAL slice that removes no outliers, inflating ks_gue ~2x at high CV
6a4b002	0857399a513ab0fe94c0d7d15397d0447b4bce7f	2026-07-12T20:56:44-07:00	pre-2026-09-21 hash (author e-mails were normalised that day; tree, date and message unchanged)	NEGATIVE-SPACE AUDIT: the 22 "$HOME instances" were never 22 mistakes — they were ONE COMMIT (95b2324, "de-identify hardcoded $HOME paths", 72 files) and 22 symptoms. The truth audit fixed one symptom 27 days lat
4259167	219e561349dab576764800f3c464fcb269320d9f	2026-07-13T03:29:53-07:00	pre-2026-09-21 hash (author e-mails were normalised that day; tree, date and message unchanged)	FUNGAL: the clustering detection SURVIVES — but NOT for the reason we gave. The 120s floor pushes toward REPULSION (it makes the detection conservative). But our exact-zero I_rep detector has a false-positive mod
cd29c83	6d2e1eb83c415a882c91d3cf6971b002a31faf24	2026-07-21T19:17:44-07:00	pre-2026-09-21 hash (author e-mails were normalised that day; tree, date and message unchanged)	THE §7 ATTRIBUTION IS INVERTED: the Manneville-Pomeau transition is LARGE-PARTIAL-QUOTIENT driven, not golden-dominated — golden is the one orbit that never enters the intermittent region (0 of 400 steps). Plus 
b0b6228	0f17088608c4389aa9b8036b24804e2b9574d17d	2026-07-22T17:05:37-07:00	pre-2026-09-21 hash (author e-mails were normalised that day; tree, date and message unchanged)	TIER-1 SEAL COMMITTED (before any literature lookup): dim E_A predicted for 6 alphabets, two independent routes. Control {1,2} routes agree to 34.6 digits and route 1 reproduces the gated dim E_2 exactly. SEAL_VALI
ccefe32	153e9bf5af9427cbb7d505c70ffb27bca14df956	2026-07-24T11:09:31-07:00	pre-2026-09-21 hash (author e-mails were normalised that day; tree, date and message unchanged)	TIER-2 AMENDED (reviewer): "two independent ways" was one fact (shared indexing), "the plateau is explained" is RETRACTED (finiteness != constancy), and "theta_inf = c_a" was DEFINITIONAL not derived. The correctio
06caf2f	497f6d7d32b0e6283b5f6e64b7dc250b7d3d334e	2026-07-25T12:42:37-07:00	pre-2026-09-21 hash (author e-mails were normalised that day; tree, date and message unchanged)	ARS-RH Phase 4 filing corrections (reviewer): downgrade overclaims to what's earned.
2445eb5	0df01beca0c3cc9c5e1014872663a695a2e3f7bb	2026-07-25T13:27:54-07:00	pre-2026-09-21 hash (author e-mails were normalised that day; tree, date and message unchanged)	ARS Look Arc: §0b provenance table + Task B SEAL (pre-run) + LOOK_REGISTER.
0dc5a32	9d74aded1f10cbc31594584f08887474df449ca2	2026-07-25T13:29:28-07:00	pre-2026-09-21 hash (author e-mails were normalised that day; tree, date and message unchanged)	Task B seal ADDENDUM 1 (pre-run): my own sealed design contained a tautology.
b5ac6fb	5fd7f84de3a8f7e51703dada881cd1d722ec9855	2026-07-25T14:14:53-07:00	pre-2026-09-21 hash (author e-mails were normalised that day; tree, date and message unchanged)	Look Arc corrections + Phase 5 SEAL (pre-run): height attribution, and P1's corroboration line re-derived or deleted.
44f4c56	28c86a449d021794eb51f1b3b69db8d7e804c9d8	2026-07-25T19:54:49-07:00	pre-2026-09-21 hash (author e-mails were normalised that day; tree, date and message unchanged)	Repo check of long-range brief v2: 71 values, 67 OK, 4 MISMATCH (2 = one defect, originating in my own doc). L_max formula corrected everywhere.
5027213	222d7f9294353639f9d5415011e1477400c08baf	2026-07-26T14:45:37-07:00	pre-2026-09-21 hash (author e-mails were normalised that day; tree, date and message unchanged)	SEALED: cubic between-object arm, hash c2be21bf2a2ef4dd. Ten frozen fields, failure condition first, deliverable named as an upper limit.
f60f2aa	d20d51160736710cbcc0a4cf436d37b98cf13140	2026-07-26T20:29:22-07:00	pre-2026-09-21 hash (author e-mails were normalised that day; tree, date and message unchanged)	The ratchet was firing on its own remediation -- fixed before closing on a red light.
762a56c	8c6b9794065a7a13e92969f13c3c17bbfadbc0ad	2026-07-27T19:30:36-07:00	pre-2026-09-21 hash (author e-mails were normalised that day; tree, date and message unchanged)	GUE expectation re-registered through the seal, not edited: 1.53 +/- 0.10, repaired column now 5/5.
cc4b981	dead8be51e805e0064a5b6adc4e7ffb260545b4c	2026-07-28T23:41:58-07:00	pre-2026-09-21 hash (author e-mails were normalised that day; tree, date and message unchanged)	Locked-findings audit: 2 of 4 exposed, and F1/F0's pvc-11 arm does not survive the repair.
2011636	0a9a849baca92eae540ac9da879375266c80aa51	2026-07-29T00:26:20-07:00	pre-2026-09-21 hash (author e-mails were normalised that day; tree, date and message unchanged)	Propagate the CORRECTION with the same energy as the downgrade.
655700f	ffd1b547b2969b97f718acf0b9965d7d6f3e1f30	2026-08-10T15:04:36-07:00	pre-2026-09-21 hash (author e-mails were normalised that day; tree, date and message unchanged)	derivflow Track-0: harness built, Hermite self-map gate PASS (480/480, both comparisons).
dbb0321	124bfa511d21a25704e864bb42965f6ff408c313	2026-08-10T15:34:30-07:00	pre-2026-09-21 hash (author e-mails were normalised that day; tree, date and message unchanged)	derivflow scope v1.3: sec 6.iii gate rule PRE-COMMITTED, n-sweep table unseen.
c2538de	471da8c273b82cc18a02a84d01c6c604861b91f4	2026-08-10T19:57:14-07:00	pre-2026-09-21 hash (author e-mails were normalised that day; tree, date and message unchanged)	derivflow sec 6.iii PASS through the strict branch: all 18 monotone, slopes ~ -1.
87437a7	5afed1106e05f215ca8f929b8737ca6c23af7e21	2026-08-11T09:00:29-07:00	pre-2026-09-21 hash (author e-mails were normalised that day; tree, date and message unchanged)	derivflow scope v1.4: k-parameterized science grid, interlacing floor bracket, functional-form ladder pre-registered, sec 6.iv split a/b, pull target widened.
90a1787	9ba7c47737e91d163089a1a42c7348f0c72d5176	2026-08-11T10:23:52-07:00	pre-2026-09-21 hash (author e-mails were normalised that day; tree, date and message unchanged)	derivflow sec 6.iv-a PASS: all three gates green, floor 11 orders below signal.
95e1ad3	ab251cc452561fba30aa2527f7126fdaa3f82726	2026-08-11T11:01:23-07:00	pre-2026-09-21 hash (author e-mails were normalised that day; tree, date and message unchanged)	derivflow: RATE_QUESTION_SEAL written. Seal-first per Will's order; -b and science follow.
4f29d70	9f0b6f55e2a533b3a436a9579014fe3e64cd1afa	2026-08-11T15:22:20-07:00	pre-2026-09-21 hash (author e-mails were normalised that day; tree, date and message unchanged)	derivflow SEALED VERDICT: RATE-SEED-DEPENDENT via form disagreement (iid F3 all n; GUE F2 at 4096).
c235861	8013790597567102e56977f7a1e45c35ae31c96e	2026-08-11T16:03:04-07:00	pre-2026-09-21 hash (author e-mails were normalised that day; tree, date and message unchanged)	derivflow ROADMAP Step 1 EXITED: F-2 is INSTRUMENT-OWNED. Picket is physically ceiling-invariant (raw <= 1e-8, decreasing in n); flagged values reproduce exactly on the same roots through the pipeline and are kille
be7f2b9	b735fd9bdc5490d0357462e4fd98b28a563726b2	2026-08-11T16:15:25-07:00	pre-2026-09-21 hash (author e-mails were normalised that day; tree, date and message unchanged)	derivflow findings sec 9: contamination MATERIAL (24-38 sigma_mean on fit anchors). Sealed verdict UNDER INSTRUMENT REVIEW per the seal's own post-change protocol. F-1 chi2 misfit now has a prime suspect. Convergen
78ce01a	7e3d61d07fc0987e3ef092d8d89d25a1c437d283	2026-08-12T00:10:53-07:00	pre-2026-09-21 hash (author e-mails were normalised that day; tree, date and message unchanged)	derivflow scope v1.5: corrected reference DEFINITION pinned sight-unseen.
c7275d3	0ba3f3aa96d88cb65f9d773e7c00919fb06f94ca	2026-08-12T00:19:21-07:00	pre-2026-09-21 hash (author e-mails were normalised that day; tree, date and message unchanged)	derivflow v1.5.1: Richardson primary readout; reference gates PASS; campaign ready.
b28c082	0f13d5763316be7acc984661e00f58f88ec1486e	2026-08-12T01:03:52-07:00	pre-2026-09-21 hash (author e-mails were normalised that day; tree, date and message unchanged)	derivflow Step 2 pre-commitment: binning rule pinned mid-campaign, all curves unseen.
d6a7cff	85b4c1e4f47785b47e038cff80d43cff0551420e	2026-08-12T11:14:44-07:00	pre-2026-09-21 hash (author e-mails were normalised that day; tree, date and message unchanged)	derivflow campaign v1.5.1 COMPLETE: verdict INCONCLUSIVE-ON-INSTRUMENT-GROUNDS, earned not technical — sealed powers-of-2 grid cannot adjudicate GUE's k*~6 transition (4-point primary window; AICc guard correct).
c986573	a99fcaf6aa37b3ffcbb47ff8de0f2d2a98d07670	2026-08-12T14:30:28-07:00	pre-2026-09-21 hash (author e-mails were normalised that day; tree, date and message unchanged)	derivflow scope v1.6: dense-grid amendment with its own epistemic grading.
6cc2562	e08be5edf64c26f341265284b9e3dd119c54de60	2026-08-12T19:59:06-07:00	pre-2026-09-21 hash (author e-mails were normalised that day; tree, date and message unchanged)	derivflow v1.6 VERDICT: RATE-SEED-DEPENDENT [SEALED-PROCEDURE, DISCLOSED-PRIOR-LOOK].
889f472	272948555a3c1bfdcd90ee39ba191f36a64c0aea	2026-08-12T20:12:25-07:00	pre-2026-09-21 hash (author e-mails were normalised that day; tree, date and message unchanged)	derivflow Step 3 SEALED + paper pre-commitments pinned; scale-law run launching.
b30f60f	5e6c58e0975906ca70350d9e9aec0fca26697cac	2026-08-12T20:57:11-07:00	pre-2026-09-21 hash (author e-mails were normalised that day; tree, date and message unchanged)	derivflow: solver memory-chunked (bitwise-identical, gates re-certified) + replicate-level parallel driver for Step 3.
d629f6f	de29d2f67bb3a13e482d0624824051914efd29cc	2026-08-13T10:17:58-07:00	pre-2026-09-21 hash (author e-mails were normalised that day; tree, date and message unchanged)	derivflow Step 3 SEALED VERDICT: SCALE-FLAT. k*(iid,16384)=10.828+-0.011 vs H_flat 10.827 — hit to three decimals; H_log excluded at ~10 sigma_eff. Crystallization scale is O(1) across a 16x range in n. F3 rider 
505931c	01eace6e3bf3c72ca710f725eb7c3e16d4eaf3ee	2026-08-13T22:39:03-07:00	pre-2026-09-21 hash (author e-mails were normalised that day; tree, date and message unchanged)	derivflow: both pre-writing reviews applied. Internal review NEEDS-WORK -> fixed: 2 blockers (fit-quality chi2/dof table surfaced, 0.76->23.4 primary and ~98 raw at 16384, F3 restated best-of-ladder everywhere; cer
75910e6	e38d7ab792461c1dfc863545604e13ff35d5bdbe	2026-08-13T23:01:10-07:00	pre-2026-09-21 hash (author e-mails were normalised that day; tree, date and message unchanged)	derivflow Step 2b PINNED (blind): mid-flow re-conditioning at k=2 — the isoconfigurational move. Same rules as Step 2 with the conditioning configuration shifted; interpretation ladder pre-committed (SUPPORTED = 
d9d3c09	e66a0ecad31d51ba7d9dd5bcb66f3154d1d3f1c0	2026-08-14T00:31:07-07:00	pre-2026-09-21 hash (author e-mails were normalised that day; tree, date and message unchanged)	derivflow Step 2b GUE arm pinned blind: rigid seed = minimal environment variance, so coincident-and-stretched bins = cleanest intrinsic- nonexponentiality datum; strong ordering on narrow environment = the heterog
7b488ba	3b86bb65dc58cd102c74e5555f130fabef364b3c	2026-08-14T16:12:24-07:00	pre-2026-09-21 hash (author e-mails were normalised that day; tree, date and message unchanged)	Bridge arc: ARS <-> spatial-statistics transition functions — all gates green
9eb285a	8c2d7cebea48ffa83bdff02fb169419d409aac21	2026-08-14T22:44:09-07:00	pre-2026-09-21 hash (author e-mails were normalised that day; tree, date and message unchanged)	comb arc: package + KAGs green — code-freeze commit (pre-seal, pre-fresh-data)
32f28bf	adaa8eb8525571575295ace8b3bb0fe3c3f8f7da	2026-08-14T23:25:44-07:00	pre-2026-09-21 hash (author e-mails were normalised that day; tree, date and message unchanged)	bridge post-closure review remediation: 10 findings dispositioned, live checkers green
93ce1d7	becdcc36f4b5c9ea8ca51a49b55873e452371434	2026-08-15T14:01:15-07:00	pre-2026-09-21 hash (author e-mails were normalised that day; tree, date and message unchanged)	survey arc SEAL: R-range capped at 0.5 deg (watch-item adjudication), null-model freeze clause (the debugging window closes when the seal closes), budgets, lattice constants, hold checklist numeric, obstruction env
af7a94f	367257f46a6e52c7d063bfde109233e7ec587f28	2026-08-15T23:41:20-07:00	pre-2026-09-21 hash (author e-mails were normalised that day; tree, date and message unchanged)	holonomy: pilot brief APPROVED with amendments folded (Will A1-A3 + CC R1-R5). A1: dial-less is not seed-less — P3 gets a u-draw ensemble and a real sigma_Delta; A2: POINT_CHECK_CLEAN admissibility is k*SEM over 
dc2448c	18eac44690dac690046ad429e2e82230fd88a94b	2026-08-16T00:01:16-07:00	pre-2026-09-21 hash (author e-mails were normalised that day; tree, date and message unchanged)	holonomy lab + KAG green (the legal debug window, now closing): transitions (incl. thin_pre u-threading variant with banked diff + bit-identical equivalence), lattice_h, continuum prediction generators (P1 resonanc
a583d9f	841f8e7f250ee5680035473dbe8559b3b5ff5299	2026-08-16T00:01:27-07:00	pre-2026-09-21 hash (author e-mails were normalised that day; tree, date and message unchanged)	holonomy SEAL: prereg_sealed.json — 16 files blob-SHA frozen; debug window CLOSED (D1 clause verbatim). k=3 arc-wide; Bonferroni family-wise stated; fp tol 1e-12 scoped to exact-commutation only (A2), headroom 1.
340280b	a78dca04ca45bef5f852df3d4fd2564c7e93c4da	2026-08-16T16:16:30-07:00	pre-2026-09-21 hash (author e-mails were normalised that day; tree, date and message unchanged)	derivflow: three record corrections — an independent re-derivation of every banked headline number found the PROSE, not the artifacts, at fault.
967fd6d	e4ca50aa1e9c83b2f881c27a0446d71aff5b4ff6	2026-08-19T08:03:35-07:00	pre-2026-09-21 hash (author e-mails were normalised that day; tree, date and message unchanged)	Delta_3 FINAL: not a candidate instrument, and brocot needs more data not a different statistic.
3b501fe	dfca2496abc8a85cc7a73aa20cb7da76f49c55a4	2026-08-20T20:36:42-07:00	pre-2026-09-21 hash (author e-mails were normalised that day; tree, date and message unchanged)	AMENDMENT 1 MEASURED: not 19 copies but 11 distinct implementations, and C3's premise is wrong.
8ba9d52	4e06f0bb85b610c3fdf36eeda775ad14fd69eb91	2026-08-21T15:05:19-07:00	pre-2026-09-21 hash (author e-mails were normalised that day; tree, date and message unchanged)	SWEEP COMPLETE: 9 of 11 -- prediction MISSED HIGH, and the one-sided class space is the house default.
82e408e	c1fab93190991743afc21050f0f060d9db021c40	2026-08-22T07:32:57-07:00	pre-2026-09-21 hash (author e-mails were normalised that day; tree, date and message unchanged)	SEAL the overnight's predictions AND their pass criteria, committed alone before any generator exists.
d8d8e07	45cd8441c562c42ebf1fa6e435e8e7fa171b80ea	2026-08-22T07:33:32-07:00	pre-2026-09-21 hash (author e-mails were normalised that day; tree, date and message unchanged)	C3 divergence inventory generator + the DIFFERENCE RULE, sealed before its output.
f71c898	7bcc126eacb7b5ae900c86aaedd8d90c01e726e2	2026-08-22T07:33:57-07:00	pre-2026-09-21 hash (author e-mails were normalised that day; tree, date and message unchanged)	C3 divergence inventory: variants diverge on 5 of 6 behavioural axes.
2e34eb8	72fc70d5bc3f712369041870e3f5348d124f8575	2026-08-22T16:25:52-07:00	pre-2026-09-21 hash (author e-mails were normalised that day; tree, date and message unchanged)	C3 inventory completion generator + scope rule + axis-applicability rule, sealed before its output.
b0188ee	e7cd38d690b44fb69b869cb8e2b7624eca79f196	2026-08-22T16:26:05-07:00	pre-2026-09-21 hash (author e-mails were normalised that day; tree, date and message unchanged)	C3 inventory completed: 19 decision sites, not 11 variants; 5 were invisible to the def-based extractor.
1144155	88a6d2c2d7491d6d435c397cb992af1b918a1182	2026-08-22T16:26:47-07:00	pre-2026-09-21 hash (author e-mails were normalised that day; tree, date and message unchanged)	amend the C3 completion generator: it omitted the canonical arithmetic_toolkit site.
58d0bbe	a30daebac04378dec56ec682193ba8bf8b7c9231	2026-08-22T16:28:20-07:00	pre-2026-09-21 hash (author e-mails were normalised that day; tree, date and message unchanged)	D2 certifier: negative set is the nearest confusable, named before measuring.
cdbb6bd	8b7725d51d95609ee56f1d311e3869755522a921	2026-08-22T21:46:49-07:00	pre-2026-09-21 hash (author e-mails were normalised that day; tree, date and message unchanged)	C3 sweep reconciliation generator, sealed before its output.
adc5d26	472f869343d52fff93313b345bad4279ec1cae6b	2026-08-22T21:47:51-07:00	pre-2026-09-21 hash (author e-mails were normalised that day; tree, date and message unchanged)	amend the reconciliation to six substantive edges under the connectivity form.
71d69c0	b80ef336b795aaab77fdafeba94d5ecc48ecdb50	2026-08-31T12:32:36-07:00	pre-2026-09-21 hash (author e-mails were normalised that day; tree, date and message unchanged)	fact-check pass: the three summary docs, corrected in place and brought current to 08-28.
9b84cf7	cf24a3297afe5cc7c351040fa3e88166c316b5d4	2026-09-02T10:09:39-07:00	pre-2026-09-21 hash (author e-mails were normalised that day; tree, date and message unchanged)	correct "only copy": the four orphan branches ARE on origin; what is singular is reachability, not backup.
2f74da3	4a3ffe125dba4b3d09e154344f9b34fe2a0c4ba7	2026-09-04T23:05:32-07:00	pre-2026-09-21 hash (author e-mails were normalised that day; tree, date and message unchanged)	APPARATUS_IS_FAITHFUL_AND_CARRIES_THE_CUE_WHERE_THE_WITNESS_PAIR_IS_AUDIBLE: stage (b) lands, and a passing arm certified an inert one.
2110f9b	1d7be3c533e1ddff1db8a00e10a6bfddaf9af04c	2026-09-10T08:36:11-07:00	pre-2026-09-21 hash (author e-mails were normalised that day; tree, date and message unchanged)	Gate D: a disordered known-answer configuration, and proof it fires where the old gates cannot.
89354ae	3bdc9e4a613b2e3615638dbc93ed0a22243c1bdf	2026-09-10T19:53:28-07:00	pre-2026-09-21 hash (author e-mails were normalised that day; tree, date and message unchanged)	Stage 1 result: the bandwidth is NOT the defect. Flat to 0.73% across the whole range.
3be4d7e	8d8976583cfe082e4847a5369aff03b6c87ab038	2026-09-10T22:23:46-07:00	pre-2026-09-21 hash (author e-mails were normalised that day; tree, date and message unchanged)	Stage 2a: the flat surface was flat only where we were looking.
b8789f3	93587fe3fcbe62ea428a161bca59e9f41f59978d	2026-09-10T22:24:19-07:00	pre-2026-09-21 hash (author e-mails were normalised that day; tree, date and message unchanged)	Stage 2b: if the bandwidth is innocent, is the REFERENCE the defect?
b93df29	f645ae5955e1382ade9618b134793427f32470cd	2026-09-11T11:44:55-07:00	pre-2026-09-21 hash (author e-mails were normalised that day; tree, date and message unchanged)	verify_recert: put the recert series on the board, and record a typed constant it caught.
f608830	27fb52b354d7759a27d8d3d993cb14b60973875f	2026-09-11T11:45:34-07:00	pre-2026-09-21 hash (author e-mails were normalised that day; tree, date and message unchanged)	recert scope amendment 1: retire Stage 2, re-point Stage 3, and say which predictions were wrong.
df53435	8aec5fcbd991c1ddbf5ccd79f433eac4a2bfe7e6	2026-09-11T11:47:26-07:00	pre-2026-09-21 hash (author e-mails were normalised that day; tree, date and message unchanged)	Stage 2b: INVALID by its own premise, and the premise was right to fail.
8816dd4	548d00d07e194227f2cfd1bd9f726d0bc1354a67	2026-09-14T00:38:41-07:00	pre-2026-09-21 hash (author e-mails were normalised that day; tree, date and message unchanged)	Stage 3c: is the window sensitivity an n=4096 artifact?
be1823c	393f63f52d6c5cd360430be7d4143c1f31966a9e	2026-09-14T03:10:51-07:00	pre-2026-09-21 hash (author e-mails were normalised that day; tree, date and message unchanged)	queue item 5: disclose what the window is worth. FOR REVIEW — not settled.
c639d08	c9c3faf8f12c8399d2f3bc28ec5f1972bfb39659	2026-09-14T05:38:56-07:00	pre-2026-09-21 hash (author e-mails were normalised that day; tree, date and message unchanged)	Stage 3d: the swing survives the correct error model, but my caveat overcorrected.
589d7d8	4ecd6140ce069659e7135fba1c2022810dfe3dbd	2026-09-16T10:27:03-07:00	pre-2026-09-21 hash (author e-mails were normalised that day; tree, date and message unchanged)	lineage coverage classified by file mtime; the merge reset every mtime and turned it red.
34de628	537c1c9d40a127309eb8702dfb2deae508e8becd	2026-09-25T10:37:06-07:00	development-history hash	llmspec/: Stage 1 peak criterion SEALED before any real spectrum is examined (brief v1.1, Will's §8 answers).
ee83e79	a07c4591bcf97428810ab479d39505d4a125d062	2026-09-25T12:02:51-07:00	development-history hash	llmspec/: Stage 1 AMENDMENT A1 (post-hoc, declared) + spectra estimator v2, committed before the analysis reruns.
b1ca2b6	649e85de2cfece4c733bb1028c15104fe927c79a	2026-09-25T12:06:27-07:00	development-history hash	llmspec/: Stage 2 (G7) pre-registration committed before any real peaked target is used.
0cf53ba	297e4d1b9a08511940aa93f8f86d316137a7d770	2026-09-25T12:26:07-07:00	development-history hash	llmspec/: Stage 3 pre-registration SEALED (aim-6 bulk null adopted by Will) before any trajectory statistic; streaming I/O.
21c0837	aaa1b96d87550437c3ba2c46de7894e0cbdf00f1	2026-09-25T13:18:13-07:00	development-history hash	llmspec/: Stage 1 results as sealed -- PEAKS in both models, UNRESOLVED as evidence; G0 FAIL-as-sealed (Pythia W_O), attributed.
d16caaf	eccc8c7c9995513c1112f79627e7e558232543c4	2026-09-25T13:35:35-07:00	development-history hash	llmspec/: Stage 1b (post-hoc, declared) dip-test calibration committed before any real head is tested.
78c2fad	f85b58a495a60ff35249cec435dc8e53d3c2b855	2026-09-25T13:36:21-07:00	development-history hash	llmspec/: Stage 1b applied -- Pythia shows no resolvable multi-peak heads; OLMo Q/K do, strongest at stage-1 end, reduced by annealing.
eca356d	fb883f75f39324b705b08d9b49babb2151812c3a	2026-09-25T14:10:03-07:00	development-history hash	llmspec/: Stage 1 seal re-derived under spectra estimator v2 (direct SVD) -- identical to the sealed v1 values.
55de694	178bd321906fe507c0067160d4a0030f6d629f5a	2026-09-25T14:23:16-07:00	development-history hash	llmspec/: Stage 2 (G7) on real peaked targets -- NOT LICENSED as registered; raw <r~> licensed; motion pass.
0970140	2fe36ee1a0ca7aa67a806fef6d79a82a7bcc76d8	2026-09-25T16:21:26-07:00	development-history hash	llmspec/: G2 functional witness PRE-REGISTERED (Diffract replication first), queued after the analysis.
4ff09ee	607ef59ebf6339086428efd8ff3e753ca48478c6	2026-09-25T23:21:54-07:00	development-history hash	llmspec/: Stage 3 findings -- sealed bulk null HOLDS 260/260; edges, vectors, circuits, motion, events described.
86b6b31	df8be165c3bdffcc00c4311f8b9e6919c2ffb5c4	2026-09-25T23:41:57-07:00	development-history hash	llmspec/: review follow-ups -- confound checks run; G2b controls and equal-interval dW PRE-REGISTERED (post-hoc from review).
0190896	bf9b096d5feff2ad0b3d2a1ca3f8d0bd0db641eb	2026-09-26T00:00:01-07:00	development-history hash	llmspec/stage3_g2b: AMENDMENT before any condition ran -- size-matched control confined to the bulk singular subspace; half-cost rule compares like with like.
29d8f63	188e1190ed59b9b47b86b356b9becd037885292d	2026-09-26T03:20:32-07:00	development-history hash	llmspec/: G2b result -- size explains >= half of the bulk-shuffle cost (same-subspace control +1.80 vs +2.67); local shuffles inert; single matrix/layer shuffles nearly harmless, all-at-once superadditive; MP-bulk 
463ea03	c04ed77b544d453acb80729dcb592fad08db8844	2026-09-26T04:20:30-07:00	development-history hash	llmspec/: equal-interval dW -- update rank rises 5-15x over 1k-31k at constant LR (dynamics, not spacing); late decline LR-confounded; relative per-LR update shrinks 2-10x; unexplained low-rank burst in V/O/MLP_OUT
8147f53	98e9c15bf17338854fd936af4418fba4ce7cdc55	2026-09-26T04:57:01-07:00	development-history hash	llmspec/: G3 replication PRE-REGISTERED (Pythia-1B, 410M) before any statistic; Stage 3 pipeline made model-general (mcfg.py).
215e989	d4a57ed4888021c704d6299935767984e10fa19c	2026-09-26T04:58:05-07:00	development-history hash	llmspec/: G3 replication scorer (R1-R6, model-general) and queues for 1.4B consistency, Pythia-1B, Pythia-410M.
2990ef5	5ca432a1818b2ffb188ed4091f807c61cb124873	2026-09-26T05:01:38-07:00	development-history hash	llmspec/: G3 refactor analysis regression PASSES -- model-general stage3_analyze reproduces the banked 1.4B values exactly.
6ca5be1	352e3ff1b2d8a3ce725623db87c034a1feb13cab	2026-09-26T06:11:49-07:00	development-history hash	llmspec/: pytorch_model.bin checkpoint path for the PolyPythias seed leg (CkptBin), verified bit-identical to the safetensors path.
2f38b8b	9c09cb25439735269d8b4bb57139a9128d248922	2026-09-26T06:12:50-07:00	development-history hash	llmspec/: seed leg PRE-REGISTERED (PolyPythias 410M seeds 1-9 + standard 410M) before any seed statistic; format-agnostic LayerSource.
ba7839b	af20378430c5acb0709f40233d89a6dd94429a5f	2026-09-26T12:08:30-07:00	development-history hash	llmspec/: fix -- equal-interval LR integrals now use each model's own schedule (1B, 410M peaks were 1.4B's); banked 1B fields corrected; stable ranks (R3) never affected.
bb7e573	9f1d74ff5975ffb145680b264b13b704fea3c68d	2026-09-26T17:47:47-07:00	development-history hash	llmspec/: seed-leg ADDENDUM S1 before seed 4's statistics exist -- how per-head-Q crossings are read (VIOLATED mechanically -> ladder; drift is an annotation, never a relabel; not an R-failure), a pre-registered no
248d7b1	f6b4e85d95712e40f05492e02a5001830dcfdd0c	2026-09-26T19:35:18-07:00	development-history hash	llmspec/: seed-leg ADDENDUM S2 before seed 5's statistics -- <r~> arm underpowered for the residual (not counter-evidence), the statistic is a t (df n-1; interim t3 -3.8, p ~0.016), and a frozen calibrator-fidelity
f804fce	37fd663db8be63161989f7f7ad8adf8099fb05d7	2026-09-26T22:38:30-07:00	development-history hash	llmspec/: fix -- range fetches retry resolve failures too (an HF 504 outage at ~21:53 killed seed 7 extract, seed 7 motion and seed 8 extract+motion with no retry); failed seed jobs re-queued (all resumable/idempot
a5cd7bf	eed41ae2c0c5e2e635b891814c84f9f71b36f8f6	2026-09-27T00:57:53-07:00	development-history hash	llmspec/: seed-leg ADDENDUM S3 before any dedicated-witness re-analysis exists -- original seeds 3-5 verdicts stay labelled 'computed against invalid reused witness'; the re-analysis is primary; the frozen tests ta
c2c635f	d019bad85c28e7342e8c7715038622f5e9b9eb23	2026-09-27T07:18:01-07:00	development-history hash	llmspec/: seed leg complete (10 runs) -- sealed null holds everywhere (2 cells -> DENSITY_ARTIFACT); R2/R4/R5/R6 SEED-ROBUST, R1 (2/10) and R3 (4/10) SEED-DEPENDENT with spreads; frozen drift test FINDING_CANDIDATE
18804ca	d0ffb826317e12469dc163bc3cc592925bb365fe	2026-09-27T07:48:42-07:00	development-history hash	llmspec/: ADDENDUM S4 pre-registered and frozen -- known-answer licence for the drift calibrator (two realistic truth families, paired null + planted -0.02, v1 mixture vs lambda/log-lambda KDE calibrators, tol q 0.
746d130	6f7a95b8d1fbb7b53e42480a56c560817e76269b	2026-09-27T07:49:52-07:00	development-history hash	llmspec/: S4 note (post-pilot, pre-result) -- the planted grid is too coarse at N=64 (f=0.02 = 1 level/head gives flat dq -0.058, 3x the target); frozen rule runs as written; supplementary arm S4-sup (1 level in 1/
7cfb66e	15c827fca0e149baa5558d458bc4a46fb35900d3	2026-09-27T07:52:27-07:00	development-history hash	llmspec/: S4 amendment A1 (after a crash at 7/200 pools, before any summary) -- refused pools/draws fail closed: truth-side refusals exclude the pool; a calibrator refused in any pool of a family fails the licence 
1a4ddd1	ee0436c89a2efd167d8890c0998cffb11fb8de20	2026-09-27T08:39:43-07:00	development-history hash	llmspec/: FINDINGS_MEMO.md -- the brief's section-6 deliverable: 13 headline claims each with its licensing gate and status (nulls as nulls, withdrawals and NOT-ESTABLISHED stated), descriptives, bounding confounds
c3ea63a	721a14417a8f44fdd486533c36261de6f429d051	2026-09-27T12:01:31-07:00	development-history hash	llmspec/armb: Stage B0 benchmark (report and stop) -- 4090, bf16 autocast / fp32 masters: 70M 12.7 s per 1024x2048 step eager (compiled ~9 s), 31M 8.1 s, 160M 25.0 s; Muon NS5 overhead <= 0.04 s; 70M fp32 checkpoin
d9c5067	bd66a57d772fb6ac598c1c84493011cf209c0e0f	2026-09-27T13:13:13-07:00	development-history hash	llmspec/armb: B1a pre-registration DRAFT (not sealed) -- replica spec traced to GPT-NeoX v1.0 source (small/wang init, AdamW groups without LN/bias decay, AnnealingLR incl. the /E cosine quirk, update k uses lr(k-1
01fc4b5	e943934d3499bf1dcfd6e81a4f5bf2f45b744753	2026-09-27T13:22:46-07:00	development-history hash	llmspec/armb: B1a SEALED -- replica spec, checkpoint grid, anchor gate B-G1 (scorer bg1_score.py frozen by sha256; probe sha256 9460510...). Sealed before any band, gate-validation or A0 result exists; pre-seal smo
f04fe17	ea0ace63cfc337a55d07ec14132531b8efe3a430	2026-09-27T13:54:41-07:00	development-history hash	llmspec/armb: B1a amendment A1 (pre-data): all AdamW arms and M0-s1 start from pythia-70m step0 (paired with the released trajectory); M0-s2 from pythia-70m-seed1 step0 with seed-1 order rebuilt from the released i
dc8c20a	15ae6ead6494fb0766409e84e15d129a9335f84b	2026-09-27T15:12:27-07:00	development-history hash	llmspec/armb: burst check for Pythia-70M (criterion frozen before running) -- decides A0 stop (5000 only if the 1.4B-style 4k->5k low-rank update burst is present), per Will 09-27.
766c92c	4d2152aa09cb17454338cbe2fe48b6e472c2324e	2026-09-27T16:18:36-07:00	development-history hash	llmspec/armb: B1b SEALED -- Q1 primary = E4 warp-and-compare (time maps STEP/WARMUP/LR_INT, affine height scaling, confusion-matrix licence incl. a HALFWAY no-model truth; pure shift not used), secondary = location
8f51f25	baa048c3f7cb3f339a469741d0170fb282acfca0	2026-09-28T01:21:11-07:00	development-history hash	llmspec/armb: Muon update test PASS (NS bf16): plumbing rel_err <= 0.007; bf16-NS error 0.04-0.08 = NS rounding alone (fp16 path adds <= 0.0003); fused-QKV red path fires (0.64-0.66). M0s1 wired into trainer (repli
99c4e1c	c9b96740aa5b57845b2d14e8612fa3dec2f9b503	2026-09-28T09:12:05-07:00	development-history hash	llmspec/armb: queue runner B-G1 gate made FAIL-CLOSED (Will 09-28) -- pure gate_state(): only a complete, well-formed, sealed-provenance (scorer + band sha256) all-PASS set proceeds; FAIL/CORRUPT (unparseable, trun
5823b3d	d88ef49ad17fd258766274171c7a12374e6b1ba1	2026-09-28T10:53:58-07:00	development-history hash	llmspec/armb: B4 analysis code SEALED before it reads anything beyond the B-G1 gate metrics -- extraction reuses Stage 3 layer()/markers() unchanged (GPU; arm checkpoints sha-verified from spot; 10 reference runs v
ca0d94b	ce1655bd0f2242436a3fc8d016608c81bb109f71	2026-09-28T10:54:51-07:00	amended before publication; the published commit is the amended version (same date and message)	llmspec/NOTES + results: 09-28 items (Muon check done, fail-closed queue, B4 sealed) + B4 run order; ALSO banks the three B1b licence result files (results/armb_q1_licence.json, armb_q1_warp_licence.json, armb_q2_l
855e007	298d9de4a07710fe3cc0aef5b821620c690104f1	2026-09-28T14:11:37-07:00	development-history hash	llmspec/armb: amendment B1a-A8 (pre-data for A2, per Will) -- A2 checkpoint grid adds every 10 steps over 1000-2200 (257 vs 161 checkpoints); one shared grid definition armb/grids.py used by the trainer from A2 on.
b121908	13c5a3304a023d9cf8368c5b87509ba83a1bccb9	2026-09-28T14:13:42-07:00	development-history hash	llmspec/armb: A2 dense-grid E4 licence (spot, synthetic, sealed criteria) -- still licensed only at <= 0.5% noise: the binding constraint is the HALFWAY clause (HALFWAY -> single model 0.54-0.99 at >= 1%), not grid
242ae7d	a21485b75931a29f4bd3885a1174de2ed086e560	2026-09-28T15:02:20-07:00	development-history hash	llmspec/armb: Q1 E4 licence v2 SEALED before it runs (Will's sign-off, pre-data): HALFWAY retired (equals the LR_INT map post-warmup); confusers = the two midpoint maps + 1.3t stretch + 1.5*dW overshoot, cap 20% to
a64d71f	e89fa405609659ff067e7c6a74307e23910693a4	2026-09-28T15:03:22-07:00	development-history hash	llmspec/armb: Q1 E4 licence v2 result (spot, synthetic; rule sealed at 242ae7d) -- A2 (dense grid): LICENSED with NO_SIMPLE_ANCHOR licensed at 0.5% and 1% noise (iid + AR; true-model 0.98, wrong-model 0.000); not a
bde3656	426cf2cbe361082289b66cb036df6c6713ec8bd9	2026-09-28T16:03:23-07:00	development-history hash	llmspec/armb: B4 amendment 2 -- B4 re-sealed against E4 licence v2 (wording rule: 'X-driven' only where NO_SIMPLE_ANCHOR is licensed; unlicensed NSA -> INCONCLUSIVE) and the shared arm grids (A2 dense). Pre-data: n
bf5c005	ea8315d3709e78445f78a2d5112da80181a5010f	2026-09-29T11:26:16-07:00	development-history hash	llmspec/armb: noise calibration script (B4 amendment 3, pre-data; rule in docstring committed before it runs): measured SG-residual noise -> licences' injected units on each arm's exact grid; row = smallest injecte
495da26	90c87873dd0b51a3eaa07b10e4ad7b515529f2dc	2026-09-29T11:26:42-07:00	development-history hash	llmspec/armb: noise calibration result (synthetic, pre-data): measured SG-residual noise understates injected sigma (e.g. AR 1% -> 0.68% measured for Q1 on A2; Q2 AR ~45% of sigma); confirms the anti-conservative r
9a47dd5	9807ab89ce7ac0b1b4367e1e757f26cb7bc56c6e	2026-09-29T12:18:26-07:00	development-history hash	llmspec/armb: B4 amendment 3 SEALED (pre-data) -- licence rows chosen in injected-noise units via the sealed calibration (measured SG residual understates sigma: anti-conservative before), cells used only if licens
b3d8efa	ff3d0901b4ac0eb467962bc0693f3105c4fb706c	2026-09-29T12:26:50-07:00	development-history hash	llmspec/armb: B4 amendment 4 rule SEALED before its calibration re-run (Will 09-29, pre-data): noise row = smallest injected level whose 5TH-PERCENTILE measured noise >= observed (upper confidence bound; the median
0cebc89	d91a05cbc88a2b9c2b6e192308ec8dfea0a49e6b	2026-09-29T13:31:55-07:00	development-history hash	llmspec/armb: B4 amendment 4 SEALED (pre-data) -- noise row = upper confidence bound (5th percentile, not median); 1.4%-noise known-answer case in the dry run (maps to >= 2% or declined in 100% of draws; the origin
3c11ab0	3fe2213ddb5f47cb989be86414c3be5ac488869e	2026-09-29T14:44:01-07:00	development-history hash	llmspec/armb: B4 amendment 5 SEALED (pre-data) -- data provenance (every cache file the analysis reads is hashed; each result JSON carries those hashes + the seal-manifest sha256) and the seal check's scope stated 
960f775	e9b7c3401e4610223b7f8b438cbd5eed5a3bd19d	2026-09-29T15:49:52-07:00	development-history hash	llmspec/armb: B4 amendment 6 -- ssh checkpoint reads retried with backoff (12 tries, ~30 min); the A2 extraction died on the first failed read when spot hung at 14:46 (no retries: a breach of the retry-every-networ
712d1c4	8e295b9e0c761c50f300087446ec45285f85334c	2026-09-30T00:08:10-07:00	development-history hash	llmspec/armb: ARMB_FINDINGS revised per Will's 09-30 review (descriptive, post-result; no sealed verdict changed).
d728603	d37a9adae3e26167cf908949358183d20b717c35	2026-09-30T00:13:11-07:00	development-history hash	llmspec/armb: ARMB_FINDINGS §0 final form (agreed with Will 09-30); open lead 9 stays open, with Will's conditions if ever run (post hoc, own section, never the verdict table).
2f7dd6b	ae90a2636ea8f4e4d3e79a13d568a7f7a4cae9ae	2026-09-30T00:15:01-07:00	development-history hash	llmspec: FINDINGS_MEMO revised per Will's critique -- #1 (2 VIOLATED seed cells shown, attributed DENSITY_ARTIFACT beside the verdict; per-head cells licensed on <r~> only, which held), #3 (lead with 13.3% dead-row
a145694	7d0a11f10ccfd1b1754b2dbc76eb71f6b82cbf91	2026-09-30T00:16:06-07:00	development-history hash	llmspec: stage3_g2c.py committed BEFORE it runs -- post-hoc descriptive size control for G2b's local shuffles (Will's critique #11): records ||dW|| (exact + after fp16 re-storage) per matrix, re-runs local{k} as a 
6f64e3d	ac74da1413252304e1601342444b78ca450c6cd0	2026-09-30T07:20:54-07:00	development-history hash	llmspec: critique #11 closed -- G2c shows G2b's local shuffles are tiny (0.14/0.56/2.2% of the bulk shuffle's ||dW||) and a same-subspace perturbation of the same size also costs ~0, so the k-sweep neither supports
6b1c4ec	3287ef97c6b62a433ec6008c023df2acd2b5f82d	2026-09-30T10:03:40-07:00	development-history hash	llmspec/armb: B1a-A9 SEALED -- seed-1 identity check (criteria + code + verdict dry run) committed before it runs.
458a697		2026-09-30T15:18:29-07:00	merge redone before publication (never pushed); the published merge is b0046d509b59	Merge llm-spectra into main: the llmspec arc (Shapes of LLM weights, brief v1.1) and Arm B.
